[
    {
        "Allegheny Power": {
            "default_rate": [
                {
                    "min": 0,
                    "max": null,
                    "amount": 4.62
                }
            ],
            "suppliers": {
                "Community Energy":{
                    "plans":[
                        {
                            "state": "pa",
                            "source": "pa historical",
                            "kwh500": null,
                            "kwh1000": null,
                            "kwh2000": null,
                            "rate_unit": "kWh",
                            "plan_id": null,
                            "name": null,
                            "plan_details": null,
                            "usage_credits": [
                                {
                                    "min": 0,
                                    "amount": 0,
                                    "max": null
                                }
                            ],
                            "formula": null,
                            "utility_name": "Allegheny Power",
                            "supplier_name": "Community Energy",
                            "plan_phone": "866-WIND-123",
                            "website_url": "www.NewWindEnergy.com",
                            "plan_type": "Regular Residential Service",
                            "rate":[
                                {
                                    "min": 0,
                                    "max": null,
                                    "amount": 7.12
                                }
                            ],
                            "monthly_charge": null,
                            "rate_type": "variable",
                            "is_fixed": false,
                            "is_variable": true,
                            "term": 1,
                            "green_percentage": 100,
                            "green_details": "100% renewable",
                            "is_green": true,
                            "early_term_fee": null,
                            "early_term_details": null,
                            "original_data": "New Wind Energy™ Current supplier charge plus 2.5 ¢ per kWh, or $2.50 for each 100 kWh block* 100% renewable *You must purchase a minimum of two 100 kWh blocks. This minimum purchase would increase your current generation bill by $5.00 per month. **The price of this service will be added to  your current electric supply Yes",
                            "description": "**The price of this service will be added to  your current electric supply",
                            "created_at" : {
                                "month" : 5,
                                "year" : 2007,
                                "day" : 4
                            }  
                        }
                    ]
                }
            }
        }
    },
    {
        "Duquesne Light": {
            "default_rate": [
                {
                    "min": 0,
                    "max": null,
                    "amount": 6.96 
                }
            ],
            "default_rh_rate": [
                {
                    "min": 0,
                    "max": null,
                    "amount": 7.97 
                }
            ],
            "default_ra_rate": [
                {
                    "min": 0,
                    "max": null,
                    "amount": 8.42
                }
            ],
            "suppliers": {
                "Community Energy":{
                    "plans":[
                        {
                            "state": "pa",
                            "source": "pa historical",
                            "kwh500": null,
                            "kwh1000": null,
                            "kwh2000": null,
                            "rate_unit": "kWh",
                            "plan_id": null,
                            "name": null,
                            "plan_details": null,
                            "usage_credits": [
                                {
                                    "min": 0,
                                    "amount": 0,
                                    "max": null
                                }
                            ],
                            "formula": null,
                            "utility_name": "Duquesne Light",
                            "supplier_name": "Community Energy",
                            "plan_phone": "866-WIND-123",
                            "website_url": "www.NewWindEnergy.com",
                            "plan_type": "Regular Residential Service",
                            "rate":[
                                {
                                    "min": 0,
                                    "max": null,
                                    "amount": 9.46
                                }
                            ],
                            "monthly_charge": null,
                            "rate_type": "variable",
                            "is_fixed": false,
                            "is_variable": true,
                            "term": 1,
                            "green_percentage": 100,
                            "green_details": "100% renewable",
                            "is_green": true,
                            "early_term_fee": null,
                            "early_term_details": null,
                            "original_data": "New Wind Energy™ Current supplier charge plus 2.5 ¢ per kWh, or $2.50 for each 100 kWh block* 100% renewable *You must purchase a minimum of two 100 kWh blocks. This minimum purchase would increase your current generation bill by $5.00 per month. **The price of this service will be added to  your current electric supply Yes",
                            "description": "**The price of this service will be added to  your current electric supply",
                            "created_at" : {
                                "month" : 5,
                                "year" : 2007,
                                "day" : 4
                                }  
                        },
                        {
                            "state": "pa",
                            "source": "pa historical",
                            "kwh500": null,
                            "kwh1000": null,
                            "kwh2000": null,
                            "rate_unit": "kWh",
                            "plan_id": null,
                            "name": null,
                            "plan_details": null,
                            "usage_credits": [
                                {
                                    "min": 0,
                                    "amount": 0,
                                    "max": null
                                }
                            ],
                            "formula": null,
                            "utility_name": "Duquesne Light",
                            "supplier_name": "Community Energy",
                            "plan_phone": "866-WIND-123",
                            "website_url": "www.NewWindEnergy.com",
                            "plan_type": "Residential Heating Service",
                            "rate":[
                                {
                                    "min": 0,
                                    "max": null,
                                    "amount": 10.47
                                }
                            ],
                            "monthly_charge": null,
                            "rate_type": "variable",
                            "is_fixed": false,
                            "is_variable": true,
                            "term": 1,
                            "green_percentage": 100,
                            "green_details": "100% renewable",
                            "is_green": true,
                            "early_term_fee": null,
                            "early_term_details": null,
                            "original_data": "New Wind Energy™ Current supplier charge plus 2.5 ¢ per kWh, or $2.50 for each 100 kWh block* 100% renewable *You must purchase a minimum of two 100 kWh blocks. This minimum purchase would increase your current generation bill by $5.00 per month. **The price of this service will be added to  your current electric supply Yes",
                            "description": "**The price of this service will be added to  your current electric supply",
                            "created_at" : {
                                "month" : 5,
                                "year" : 2007,
                                "day" : 4
                                }  
                        },
                        {
                            "state": "pa",
                            "source": "pa historical",
                            "kwh500": null,
                            "kwh1000": null,
                            "kwh2000": null,
                            "rate_unit": "kWh",
                            "plan_id": null,
                            "name": null,
                            "plan_details": null,
                            "usage_credits": [
                                {
                                    "min": 0,
                                    "amount": 0,
                                    "max": null
                                }
                            ],
                            "formula": null,
                            "utility_name": "Duquesne Light",
                            "supplier_name": "Community Energy",
                            "plan_phone": "866-WIND-123",
                            "website_url": "www.NewWindEnergy.com",
                            "plan_type": "Residential Add On Heat Pump",
                            "rate":[
                                {
                                    "min": 0,
                                    "max": null,
                                    "amount": 10.92
                                }
                            ],
                            "monthly_charge": null,
                            "rate_type": "variable",
                            "is_fixed": false,
                            "is_variable": true,
                            "term": 1,
                            "green_percentage": 100,
                            "green_details": "100% renewable",
                            "is_green": true,
                            "early_term_fee": null,
                            "early_term_details": null,
                            "original_data": "New Wind Energy™ Current supplier charge plus 2.5 ¢ per kWh, or $2.50 for each 100 kWh block* 100% renewable *You must purchase a minimum of two 100 kWh blocks. This minimum purchase would increase your current generation bill by $5.00 per month. **The price of this service will be added to  your current electric supply Yes",
                            "description": "**The price of this service will be added to  your current electric supply",
                            "created_at" : {
                                "month" : 5,
                                "year" : 2007,
                                "day" : 4
                                }  
                        }  
                    ]
                },
                "Dominion Peoples Plus": {
                    "plans": [
                        {
                            "state": "pa",
                            "source": "pa historical",
                            "kwh500": null,
                            "kwh1000": null,
                            "kwh2000": null,
                            "rate_unit": "kWh",
                            "plan_id": null,
                            "name": null,
                            "plan_details": null,
                            "usage_credits": 
                            [
                                {
                                    "min": 0,
                                    "amount": 0,
                                    "max": null
                                }
                            ],
                            "formula": null,
                            "utility_name": "Duquesne Light",
                            "supplier_name": "Dominion Peoples Plus",
                            "plan_phone": "1-800-903-0380",
                            "website_url": "www.dom.com",
                            "plan_type": "Regular Residential Service",
                            "rate": [
                                {
                                    "min": 0,
                                    "max": null,
                                    "amount": 6.60
                                }
                            ],
                            "monthly_charge": null,
                            "rate_type":"variable",
                            "is_fixed": false,
                            "is_variable": true,
                            "term": 1,
                            "green_percentage": null,
                            "green_details": null,
                            "is_green": false,
                            "early_term_fee": null,
                            "early_term_details": null,
                            "original_data": "Monthly variable 6.60 ¢ $33.00 $66.00 $132.00",
                            "description": null,
                            "created_at" : {
                                "month" : 5,
                                "year" : 2007,
                                "day" : 4
                            } 
                        },
                        {
                            "state": "pa",
                            "source": "pa historical",
                            "kwh500": null,
                            "kwh1000": null,
                            "kwh2000": null,
                            "rate_unit": "kWh",
                            "plan_id": null,
                            "name": null,
                            "plan_details": null,
                            "usage_credits": 
                            [
                                {
                                    "min": 0,
                                    "amount": 0,
                                    "max": null
                                }
                            ],
                            "formula": null,
                            "utility_name": "Duquesne Light",
                            "supplier_name": "Dominion Peoples Plus",
                            "plan_phone": "1-800-903-0380",
                            "website_url": "www.dom.com",
                            "plan_type": "Residential Heating Service",
                            "rate": [
                                {
                                    "min": 0,
                                    "max": null,
                                    "amount": 6.60
                                }
                            ],
                            "monthly_charge": null,
                            "rate_type":"variable",
                            "is_fixed": false,
                            "is_variable": true,
                            "term": 1,
                            "green_percentage": null,
                            "green_details": null,
                            "is_green": false,
                            "early_term_fee": null,
                            "early_term_details": null,
                            "original_data": "Monthly variable 6.60 ¢ $33.00 $66.00 $132.00",
                            "description": null,
                            "created_at" : {
                                "month" : 5,
                                "year" : 2007,
                                "day" : 4
                            } 
                        },
                        {
                            "state": "pa",
                            "source": "pa historical",
                            "kwh500": null,
                            "kwh1000": null,
                            "kwh2000": null,
                            "rate_unit": "kWh",
                            "plan_id": null,
                            "name": null,
                            "plan_details": null,
                            "usage_credits": 
                            [
                                {
                                    "min": 0,
                                    "amount": 0,
                                    "max": null
                                }
                            ],
                            "formula": null,
                            "utility_name": "Duquesne Light",
                            "supplier_name": "Dominion Peoples Plus",
                            "plan_phone": "1-800-903-0380",
                            "website_url": "www.dom.com",
                            "plan_type": "Residential Add On Heat Pump",
                            "rate": [
                                {
                                    "min": 0,
                                    "max": null,
                                    "amount": 6.60
                                }
                            ],
                            "monthly_charge": null,
                            "rate_type":"variable",
                            "is_fixed": false,
                            "is_variable": true,
                            "term": 1,
                            "green_percentage": null,
                            "green_details": null,
                            "is_green": false,
                            "early_term_fee": null,
                            "early_term_details": null,
                            "original_data": "Monthly variable 6.60 ¢ $33.00 $66.00 $132.00",
                            "description": null,
                            "created_at" : {
                                "month" : 5,
                                "year" : 2007,
                                "day" : 4
                            } 
                        }
                    ]
                }
            }
        }
    },
    {
        "Met Ed": {
            "default_rate": [
                {
                    "min": 0,
                    "max": null,
                    "amount": 5.94
                }
            ],
            "suppliers": {
                "Community Energy":{
                    "plans":[
                        {
                            "state": "pa",
                            "source": "pa historical",
                            "kwh500": null,
                            "kwh1000": null,
                            "kwh2000": null,
                            "rate_unit": "kWh",
                            "plan_id": null,
                            "name": null,
                            "plan_details": null,
                            "usage_credits": [
                                {
                                    "min": 0,
                                    "amount": 0,
                                    "max": null
                                }
                            ],
                            "formula": null,
                            "utility_name": "Met Ed",
                            "supplier_name": "Community Energy",
                            "plan_phone": "866-WIND-123",
                            "website_url": "www.NewWindEnergy.com",
                            "plan_type": "Regular Residential Service",
                            "rate":[
                                {
                                    "min": 0,
                                    "max": null,
                                    "amount": 8.44
                                }
                            ],
                            "monthly_charge": null,
                            "rate_type": "variable",
                            "is_fixed": false,
                            "is_variable": true,
                            "term": 1,
                            "green_percentage": 100,
                            "green_details": "100% renewable",
                            "is_green": true,
                            "early_term_fee": null,
                            "early_term_details": null,
                            "original_data": "New Wind Energy™ Current supplier charge plus 2.5 ¢ per kWh, or $2.50 for each 100 kWh block* 100% renewable *You must purchase a minimum of two 100 kWh blocks. This minimum purchase would increase your current generation bill by $5.00 per month. **The price of this service will be added to  your current electric supply Yes",
                            "description": "**The price of this service will be added to  your current electric supply",
                            "created_at" : {
                                "month" : 5,
                                "year" : 2007,
                                "day" : 4
                            }  
                        }
                    ]
                }
            }
        }
    },
    {
        "Penelec":{
            "default_rate": [
                {
                    "min": 0,
                    "max": null,
                    "amount": 5.34
                }
            ],
            "suppliers":{
                "Community Energy":{
                    "plans":[
                        {
                            "state": "pa",
                            "source": "pa historical",
                            "kwh500": null,
                            "kwh1000": null,
                            "kwh2000": null,
                            "rate_unit": "kWh",
                            "plan_id": null,
                            "name": null,
                            "plan_details": null,
                            "usage_credits": [
                                {
                                    "min": 0,
                                    "amount": 0,
                                    "max": null
                                }
                            ],
                            "formula": null,
                            "utility_name": "Penelec",
                            "supplier_name": "Community Energy",
                            "plan_phone": "866-WIND-123",
                            "website_url": "www.NewWindEnergy.com",
                            "plan_type": "Regular Residential Service",
                            "rate":[
                                {
                                    "min": 0,
                                    "max": null,
                                    "amount": 7.84
                                }
                            ],
                            "monthly_charge": null,
                            "rate_type": "variable",
                            "is_fixed": false,
                            "is_variable": true,
                            "term": 1,
                            "green_percentage": 100,
                            "green_details": "100% renewable",
                            "is_green": true,
                            "early_term_fee": null,
                            "early_term_details": null,
                            "original_data": "New Wind Energy™ Current supplier charge plus 2.5 ¢ per kWh,100% renewable *You must purchase a minimum of two 100 kWh blocks. This minimum purchase would increase your current generation bill by $5.00 per month. **The price of this service will be added to  your current electric supply Yes",
                            "description": "**The price of this service will be added to  your current electric supply",
                            "created_at" : {
                                "month" : 5,
                                "year" : 2007,
                                "day" : 4
                            }  
                        }
                    ]
                }
            }
        }
    },
    {
        "PECO Energy":{
            "default_rate": [
                {      
                    "min":0,
                    "max":null,
                    "amount": 7.04
                }
            ],
            "default_rh_rate":  [
                {
                    "min":0,
                    "max":600,
                    "amount": 7.31
                },
                {
                    "min":601,
                    "max":null,
                    "amount": 4.09 
                }
            ],
            "suppliers":{
                "Commerce Energy, Inc.":{
                    "plans":[
                        {
                            "state": "pa",
                            "source": "pa historical",
                            "kwh500": null,
                            "kwh1000": null,
                            "kwh2000": null,
                            "rate_unit": "kWh",
                            "plan_id": null,
                            "name": null,
                            "plan_details": null,
                            "usage_credits": [
                                {
                                    "min": 0,
                                    "amount": 0,
                                    "max": null
                                }
                            ],
                            "formula": null,
                            "utility_name": "PECO Energy",
                            "supplier_name": "Commerce Energy, Inc.",
                            "plan_phone": "1-877-226-5392",
                            "website_url": "www.commerceenergy.com",
                            "plan_type": "Regular Residential Service",
                            "rate": [
                                {
                                    "min": 0,
                                    "max": null,
                                    "amount": 11.80
                                }
                            ],
                            "monthly_charge": [
                                {
                                    "min": 0,
                                    "max": null,
                                    "amount": 278
                                }
                            ],
                            "rate_type": "variable",
                            "is_fixed": false,
                            "is_variable": true,
                            "term": 1,
                            "green_percentage": null,
                            "green_details": null,
                            "is_green": false,
                            "early_term_fee": null,
                            "early_term_details": null,
                            "original_data": "11.80 ¢ * $61.78 $120.78 $238.78 *Plus $2.78 per month Yes",
                            "description": "*Plus $2.78 per month",
                            "created_at" : {
                                "month" : 5,
                                "year" : 2007,
                                "day" : 4
                                }  
                        }
                    ]
                },
                "Community Energy":{
                    "plans":[
                        {
                            "state": "pa",
                            "source": "pa historical",
                            "kwh500": null,
                            "kwh1000": null,
                            "kwh2000": null,
                            "rate_unit": "kWh",
                            "plan_id": null,
                            "name": null,
                            "plan_details": null,
                            "usage_credits": [
                                {
                                    "min": 0,
                                    "amount": 0,
                                    "max": null
                                }
                            ],
                            "formula": null,
                            "utility_name": "PECO Energy",
                            "supplier_name": "Community Energy",
                            "plan_phone": "866-WIND-123",
                            "website_url": "www.NewWindEnergy.com",
                            "plan_type": "Regular Residential Service",
                            "rate":[
                                {      
                                    "min":0,
                                    "max":null,
                                    "amount": 9.54
                                }
                            ],
                            "monthly_charge": null,
                            "rate_type": "variable",
                            "is_fixed": false,
                            "is_variable": true,
                            "term": 1,
                            "green_percentage": 100,
                            "green_details": "100% renewable",
                            "is_green": true,
                            "early_term_fee": null,
                            "early_term_details": null,
                            "original_data": "New Wind Energy™ Current supplier charge plus 2.5 ¢ per kWh, or $2.50 for each 100 kWh block* 100% renewable *You must purchase a minimum of two 100 kWh blocks. This minimum purchase would increase your current generation bill by $5.00 per month. **The price of this service will be added to  your current electric supply Yes",
                            "description": "**The price of this service will be added to  your current electric supply",
                            "created_at" : {
                                "month" : 5,
                                "year" : 2007,
                                "day" : 4
                                }  
                        },
                        {
                            "state": "pa",
                            "source": "pa historical",
                            "kwh500": null,
                            "kwh1000": null,
                            "kwh2000": null,
                            "rate_unit": "kWh",
                            "plan_id": null,
                            "name": null,
                            "plan_details": null,
                            "usage_credits": [
                                {
                                    "min": 0,
                                    "amount": 0,
                                    "max": null
                                }
                            ],
                            "formula": null,
                            "utility_name": "PECO Energy",
                            "supplier_name": "Community Energy",
                            "plan_phone": "866-WIND-123",
                            "website_url": "www.NewWindEnergy.com",
                            "plan_type": "Residential Heating Service",
                            "rate":[
                                {
                                    "min":0,
                                    "max":600,
                                    "amount": 9.81
                                },
                                {
                                    "min":601,
                                    "max":null,
                                    "amount": 6.59
                                }
                            ],
                            "monthly_charge": null,
                            "rate_type": "variable",
                            "is_fixed": false,
                            "is_variable": true,
                            "term": 1,
                            "green_percentage": 100,
                            "green_details": "100% renewable",
                            "is_green": true,
                            "early_term_fee": null,
                            "early_term_details": null,
                            "original_data": "New Wind Energy™ Current supplier charge plus 2.5 ¢ per kWh, or $2.50 for each 100 kWh block* 100% renewable *You must purchase a minimum of two 100 kWh blocks. This minimum purchase would increase your current generation bill by $5.00 per month. **The price of this service will be added to  your current electric supply Yes",
                            "description": "**The price of this service will be added to  your current electric supply",
                            "created_at" : {
                                "month" : 5,
                                "year" : 2007,
                                "day" : 4
                                }  
                        }
                    ]
                },
                "Energy Cooperative Association of Pennsylvania":{
                    "plans":[
                        {
                            "state": "pa",
                            "source": "pa historical",
                            "kwh500": null,
                            "kwh1000": null,
                            "kwh2000": null,
                            "rate_unit": "kWh",
                            "plan_id": null,
                            "name": null,
                            "plan_details": null,
                            "usage_credits": [
                                {
                                    "min": 0,
                                    "amount": 0,
                                    "max": null
                                }
                            ],
                            "formula": null,
                            "utility_name": "PECO Energy",
                            "supplier_name": "The Energy Co-op",
                            "plan_phone": "800-223-5783 or 215-413-2122",
                            "website_url": "www.theenergy.coop",
                            "plan_type": "Regular Residential Service",
                            "rate": [
                                {
                                    "min": 0,
                                    "max": null,
                                    "amount": 15.40
                                }
                            ],
                            "monthly_charge": null,
                            "rate_type": "variable",
                            "is_fixed": false,
                            "is_variable": true,
                            "term": 1,
                            "green_percentage": 100,
                            "green_details": "100% renewable",
                            "is_green": true,
                            "early_term_fee": null,
                            "early_term_details": null,
                            "original_data": " EcoChoice 15.40 ¢ $77.00 $154.00 $308.00 (100% renewable) Yes ",
                            "description": null,
                            "created_at" : {
                                "month" : 5,
                                "year" : 2007,
                                "day" : 4
                                }  
                        },
                        {
                            "state": "pa",
                            "source": "pa historical",
                            "kwh500": null,
                            "kwh1000": null,
                            "kwh2000": null,
                            "rate_unit": "kWh",
                            "plan_id": null,
                            "name": null,
                            "plan_details": null,
                            "usage_credits": [
                                {
                                    "min": 0,
                                    "amount": 0,
                                    "max": null
                                }
                            ],
                            "formula": null,
                            "utility_name": "PECO Energy",
                            "supplier_name": "The Energy Co-op",
                            "plan_phone": "800-223-5783 or 215-413-2122",
                            "website_url": "www.theenergy.coop",
                            "plan_type": "Residential Heating Service",
                            "rate": [
                                {
                                    "min": 0,
                                    "max": null,
                                    "amount": 15.40
                                }
                            ],
                            "monthly_charge": null,
                            "rate_type": "variable",
                            "is_fixed": false,
                            "is_variable": true,
                            "term": 1,
                            "green_percentage": 100,
                            "green_details": "100% renewable",
                            "is_green": true,
                            "early_term_fee": null,
                            "early_term_details": null,
                            "original_data": "EcoChoice 15.40 ¢ $77.00 $154.00 $308.00 (100% renewable) Yes ",
                            "description": null,
                            "created_at" : {
                                "month" : 5,
                                "year" : 2007,
                                "day" : 4
                            }  
                        }
                    ]
                }
            }
        }
    },
    {
        "Penn Power":{
            "default_rate": [
                {
                    "min": 0,
                    "max": null,
                    "amount": 11.69
                }
            ],
            "suppliers":{
                "FirstEnergy Solutions": {
                    "plans": [
                        {
                            "state": "pa",
                            "source": "pa historical",
                            "kwh500": null,
                            "kwh1000": null,
                            "kwh2000": null,
                            "rate_unit": "kWh",
                            "plan_id": null,
                            "name": null,
                            "plan_details": null,
                            "usage_credits": [
                                {
                                    "min": 0,
                                    "amount": 0,
                                    "max": null
                                }
                            ],
                            "formula": null,
                            "utility_name": "Penn Power",
                            "supplier_name": "FirstEnergy Solutions",
                            "plan_phone": "1-800-774-5588",
                            "website_url": "www.fes.com",
                            "plan_type": "Regular Residential Service",
                            "rate": [
                                {
                                    "min": 0,
                                    "max": null,
                                    "amount": 9.50 
                                }
                            ],
                            "monthly_charge": null,
                            "rate_type": "fixed",
                            "is_fixed": true,
                            "is_variable": false,
                            "term": 36,
                            "green_percentage": null,
                            "green_details": null,
                            "is_green": false,
                            "early_term_fee": null,
                            "early_term_details": null,
                            "original_data": "Fixed price - 3 year term 9.50 ¢ $47.50 $95.00 $190.00",
                            "description": null,
                            "created_at" : {
                                "month" : 5,
                                "year" : 2007,
                                "day" : 4
                            } 
                        },
                        {
                            "state": "pa",
                            "source": "pa historical",
                            "kwh500": null,
                            "kwh1000": null,
                            "kwh2000": null,
                            "rate_unit": "kWh",
                            "plan_id": null,
                            "name": null,
                            "plan_details": null,
                            "usage_credits": [
                                {
                                    "min": 0,
                                    "amount": 0,
                                    "max": null
                                }
                            ],
                            "formula": null,
                            "utility_name": "Penn Power",
                            "supplier_name": "FirstEnergy Solutions",
                            "plan_phone": "1-800-774-5588",
                            "website_url": "www.fes.com",
                            "plan_type": "Regular Residential Service",
                            "rate": null,
                            "monthly_charge": null,
                            "rate_type": null,
                            "is_fixed": null,
                            "is_variable": null,
                            "term": null,
                            "green_percentage": 100,
                            "green_details": "Smart Wind 100% renewable",
                            "is_green": true,
                            "early_term_fee": null,
                            "early_term_details": null,
                            "original_data": "Smart Wind 100% renewable Smart Wind service is offered at the same cost as Penn Power's price to compare.",
                            "description": null,
                            "created_at" : {
                                "month" : 5,
                                "year" : 2007,
                                "day" : 4
                            } 
                        }
                    ]
                },
                "Community Energy":{
                    "plans":[
                        {
                            "state": "pa",
                            "source": "pa historical",
                            "kwh500": null,
                            "kwh1000": null,
                            "kwh2000": null,
                            "rate_unit": "kWh",
                            "plan_id": null,
                            "name": null,
                            "plan_details": null,
                            "usage_credits": [
                                {
                                    "min": 0,
                                    "amount": 0,
                                    "max": null
                                }
                            ],
                            "formula": null,
                            "utility_name": "Penn Power",
                            "supplier_name": "Community Energy",
                            "plan_phone": "866-WIND-123",
                            "website_url": "www.NewWindEnergy.com",
                            "plan_type": "Regular Residential Service",
                            "rate":[
                                {
                                    "min": 0,
                                    "max": null,
                                    "amount": 14.19
                                }
                            ],
                            "monthly_charge": null,
                            "rate_type": "variable",
                            "is_fixed": false,
                            "is_variable": true,
                            "term": 1,
                            "green_percentage": 100,
                            "green_details": "100% renewable",
                            "is_green": true,
                            "early_term_fee": null,
                            "early_term_details": null,
                            "original_data": "New Wind Energy™ Current supplier charge plus 2.5 ¢ per kWh,or $2.50 for each 100 kWh block* 100% renewable *You must purchase a minimum of two 100 kWh blocks. This minimum purchase would increase your current generation bill by $5.00 per month. **The price of this service will be added to  your current electric supply Yes",
                            "description": "**The price of this service will be added to  your current electric supply",
                            "created_at" : {
                                "month" : 5,
                                "year" : 2007,
                                "day" : 4
                                }  
                        }
                    ]
                },
                "Dominion Peoples Plus": {
                    "plans": [
                        {
                            "state": "pa",
                            "source": "pa historical",
                            "kwh500": null,
                            "kwh1000": null,
                            "kwh2000": null,
                            "rate_unit": "kWh",
                            "plan_id": null,
                            "name": null,
                            "plan_details": null,
                            "usage_credits": [
                                {
                                    "min": 0,
                                    "amount": 0,
                                    "max": null
                                }
                            ],
                            "formula": null,
                            "utility_name": "Penn Power",
                            "supplier_name": "Dominion Peoples Plus",
                            "plan_phone": "1-800-903-0380",
                            "website_url": "www.dom.com",
                            "plan_type": "Regular Residential Service",
                            "rate": null,
                            "monthly_charge": null,
                            "rate_type": null,
                            "is_fixed": null,
                            "is_variable": null,
                            "term": null,
                            "green_percentage": null,
                            "green_details": null,
                            "is_green": false,
                            "early_term_fee": null,
                            "early_term_details": null,
                            "original_data": "10% discount off of Penn Power's price to compare through May 2008",
                            "description": null,
                            "created_at" : {
                                "month" : 5,
                                "year" : 2007,
                                "day" : 4
                            } 
                        }
                    ]
                }
            }
        }
    },
    {
        "PPL Electric Utilities":{
            "default_rate": [
                {
                    "min": 0,
                    "max": 200,
                    "amount": 6.31
                },
                {
                    "min": 201,
                    "max": 800,
                    "amount": 5.61
                },
                {
                    "min": 801,
                    "max": null,
                    "amount": 5.19
                }
            ],
            "suppliers":{
                "Community Energy":{
                    "plans":[
                        {
                            "state": "pa",
                            "source": "pa historical",
                            "kwh500": null,
                            "kwh1000": null,
                            "kwh2000": null,
                            "rate_unit": "kWh",
                            "plan_id": null,
                            "name": null,
                            "plan_details": null,
                            "usage_credits": [
                                {
                                    "min": 0,
                                    "amount": 0,
                                    "max": null
                                }
                            ],
                            "formula": null,
                            "utility_name": "PPL Electric Utilities",
                            "supplier_name": "Community Energy",
                            "plan_phone": "866-WIND-123",
                            "website_url": "www.NewWindEnergy.com",
                            "plan_type": "Regular Residential Service",
                            "rate":[
                                {
                                    "min": 0,
                                    "max": 200,
                                    "amount": 8.81
                                },
                                {
                                    "min": 201,
                                    "max": 800,
                                    "amount": 8.11
                                },
                                {
                                    "min": 801,
                                    "max": null,
                                    "amount": 7.69
                                }
                            ],
                            "monthly_charge": null,
                            "rate_type": "variable",
                            "is_fixed": false,
                            "is_variable": true,
                            "term": 1,
                            "green_percentage": 100,
                            "green_details": "100% renewable",
                            "is_green": true,
                            "early_term_fee": null,
                            "early_term_details": null,
                            "original_data": "New Wind Energy™ Current supplier charge plus 2.5 ¢ per kWh,or $2.50 for each 100 kWh block* 100% renewable *You must purchase a minimum of two 100 kWh blocks. This minimum purchase would increase your current generation bill by $5.00 per month. **The price of this service will be added to  your current electric supply Yes",
                            "description": "**The price of this service will be added to  your current electric supply",
                            "created_at" : {
                                "month" : 5,
                                "year" : 2007,
                                "day" : 4
                            }  
                        }
                    ]
                }
            }
        }
    },
    {
        "UGI":{
            "default_rate": [
                {
                    "min": 0,
                    "max": 500,
                    "amount": 10.79
                },
                {
                    "min": 501,
                    "max": 1000,
                    "amount": 9.38
                },
                {
                    "min": 1001,
                    "max": null,
                    "amount": 7.27
                }
            ],
            "suppliers":{
                "Community Energy":{
                    "plans":[
                        {
                            "state": "pa",
                            "source": "pa historical",
                            "kwh500": null,
                            "kwh1000": null,
                            "kwh2000": null,
                            "rate_unit": "kWh",
                            "plan_id": null,
                            "name": null,
                            "plan_details": null,
                            "usage_credits": [
                                {
                                    "min": 0,
                                    "amount": 0,
                                    "max": null
                                }
                            ],
                            "formula": null,
                            "utility_name": "UGI",
                            "supplier_name": "Community Energy",
                            "plan_phone": "866-WIND-123",
                            "website_url": "www.NewWindEnergy.com",
                            "plan_type": "Regular Residential Service",
                            "rate":[
                                {
                                    "min": 0,
                                    "max": 500,
                                    "amount": 13.29
                                },
                                {
                                    "min": 501,
                                    "max": 1000,
                                    "amount": 11.88
                                },
                                {
                                    "min": 1001,
                                    "max": null,
                                    "amount": 9.77
                                }
                            ],
                            "monthly_charge": null,
                            "rate_type": "variable",
                            "is_fixed": false,
                            "is_variable": true,
                            "term": 1,
                            "green_percentage": 100,
                            "green_details": "100% renewable",
                            "is_green": true,
                            "early_term_fee": null,
                            "early_term_details": null,
                            "original_data": "New Wind Energy™ Current supplier charge plus 2.5 ¢ per kWh,or $2.50 for each 100 kWh block* 100% renewable *You must purchase a minimum of two 100 kWh blocks. This minimum purchase would increase your current generation bill by $5.00 per month. **The price of this service will be added to  your current electric supply Yes",
                            "description": "**The price of this service will be added to  your current electric supply",
                            "created_at" : {
                                "month" : 5,
                                "year" : 2007,
                                "day" : 4
                            }  
                        }
                    ]
                }
            }
        }
    }
]