id,name,utility_id
1,FirstEnergy,1
2,Green Mountain Energy,1
3,Penn Power,1
4,Worley & Obetz,1
5,Allegheny Energy,2
6,DTE Energy,2
7,Exelon Energy,2
8,Peoples Plus,2
9,Power Choice,2
10,Touchstone Energy,2
11,"ACN Energy, Inc",3
12,Conectiv Energy,3
13,Energy Cooperative Association of Pennsylvania,3
14,Mack Services,3
15,Rhoads Energy,3
16,Total Gas & Electricity,3
17,Advanced Energy,1
18,ECONnergy,3
19,Power Direct,3
20,Electricity Choice,1
21,Utility.com,1
22,"American Cooperative Services, Inc",2
23,Electric America,3
24,Agway Energy Services,3
25,Essential Energy,3
26,New Power Company,6
27,Online Choice,6
28,Dominion Peoples,1
29,New Power,3
30,Community Energy,1
31,Dominion Energy,3
32,"Commerce Energy, Inc.",3
33,Con Edison Solutions,9
34,Direct Energy,9
35,PPL Energy,1
36,Liberty Power Holdings,5
37,MXenergy,5
38,Gateway Energy Services Corporation,5
39,Viridian Energy,5
40,Washington Gas Energy Services,5
41,Energy Plus Holdings,6
42,BlueStar Energy Solutions,5
43,Champion Energy Services,5
44,"Clean Currents, Inc",5
45,Spark Energy,5
46,Verde Energy,5
47,Palmco Power PA,1
48,The Energy Cooperative,3
49,Energy Plus Holdings ,3
50,North American Power,3
51,Stream Energy,3
52,TriEagle Energy,6
53,Public Power,3
54,Superior Plus Energy,3
55,"Energetix, Inc",5
56,Reliant Energy,6
57,Constellation Energy,2
58,Ambit Energy,3
59,Planet Energy,3
60,IGS Energy,6
61,Respond Power,6
62,Amerigreen Energy,3
63,Sperian Energy,3
64,Just Energy,6
65,AEP Energy,2
66,Bounce Energy,6
67,ResCom Energy,6
68,Discount Energy Group,3
69,YEP Energy,3
70,Park Power,5
71,Shipley Energy,5
72,Ethical Electric,6
73,American Power & Gas of PA,2
74,NRG Energy,3
75,Clearview Electric,3
76,Oasis Energy,6
77,Pennsylvania Gas & Electric,9
78,Clean Choice Energy,6
79,FirstEnergy Solutions,6
80,Palmco Power,6
81,Verde Energy USA,6
82,American Power & Gas,2
83,Champion Energy,3
84,Clean Currents,3
85,Discount Power,3
86,Energy Cooperative,3
87,Gateway Energy,3
88,NRG Residential Solutions,3
89,Superior Energy Services,3
90,Clearview Energy,3
91,SFE Energy,10
92,WGL Energy,4
93,Bargain Energy,3
94,Energy Rewards,4
95,Talen Energy,4
96,Town Square Energy,10
97,Eligo Energy,5
98,Cirro Energy,4
99,Think Energy,4
100,Titan GNP,4
101,Blue Rock Energy,4
102,Agway Energy,4
103,Indra Energy,4
104,Nittany Energy,10
105,MidAmerican Energy,10
106,Smart Energy,10
107,Better Buy Energy,10
108,Brighten Energy,10
109,Agera Energy,10
110,APG&E,10
111,Energy.me,10
112,IDT Energy,10
113,NextEra Energy,10
114,Residents Energy,10
115,Tomorrow Energy,10
116,Star Energy,10
117,Dynegy,10
118,Liberty Power,10
119,Astral Energy,10
120,NTHERM,10
121,New Wave Energy,10
122,Rate Energy,10
123,Vista Energy,10
124,Inspire Energy,10
125,MPower Energy,10
126,Starion Energy,6
127,Frontier Utilities,6
128,National Gas & Electric,6
129,Great American Power,6
130,Sunwave GNP,2
131,Entrust Energy,5
132,RPA Energy,5
133,Rushmore Energy,5
134,Power Vine Energy,5
135,Spring Power,5
136,Santanna Energy,3
137,Achieve Energy,10
138,Energy Harbor,10
139,Clean Sky Energy,10
140,Sunrise Power,6
141,Nordic Energy,10
142,Major Energy,3
