[
    {
        "Allegheny Power": {
            "default_rate": [
                {
                    "min": 0,
                    "max": null,
                    "amount": 3.884
                }
            ],
            "suppliers": {
                "Community Energy":{
                    "plans":[
                        {
                            "state": "pa",
                            "source": "pa historical",
                            "kwh500": null,
                            "kwh1000": null,
                            "kwh2000": null,
                            "rate_unit": "kWh",
                            "plan_id": null,
                            "name": null,
                            "plan_details": null,
                            "usage_credits": [
                                {
                                    "min": 0,
                                    "amount": 0,
                                    "max": null
                                }
                            ],
                            "formula": null,
                            "utility_name": "Allegheny Power",
                            "supplier_name": "Community Energy",
                            "plan_phone": "866-WIND-123",
                            "website_url": "www.NewWindEnergy.com",
                            "plan_type": "Regular Residential Service",
                            "rate":[
                                {
                                    "min": 0,
                                    "max": null,
                                    "amount": 6.384
                                }
                            ],
                            "monthly_charge": null,
                            "rate_type": "variable",
                            "is_fixed": false,
                            "is_variable": true,
                            "term": 1,
                            "green_percentage": 100,
                            "green_details": "100% renewable",
                            "is_green": true,
                            "early_term_fee": null,
                            "early_term_details": null,
                            "original_data": "New Wind Energy™ Current supplier charge plus 2.5 ¢ per kWh, or $2.50 for each 100 kWh block* 100% renewable *You must purchase a minimum of two 100 kWh blocks. This minimum purchase would increase your current generation bill by $5.00 per month. **The price of this service will be added to  your current electric supply Yes",
                            "description": "**The price of this service will be added to  your current electric supply",
                            "created_at" : {
                                "month" : 11,
                                "year" : 2005,
                                "day" : 3
                            }  
                        }
                    ]
                }
            }
        }
    },
    {
        "Duquesne Light": {
            "default_rate": [
                {
                    "min": 0,
                    "max": null,
                    "amount": 6.69 
                }
            ],
            "default_rh_rate": [
                {
                    "min": 0,
                    "max": 500,
                    "amount": 8
                },
                {
                    "min": 501,
                    "max": null,
                    "amount": 2.97
                }
            ],
            "default_ra_rate": [
                {
                    "min": 0,
                    "max": 500,
                    "amount": 8.16
                },
                {
                    "min": 501,
                    "max": null,
                    "amount": 3.10
                }
            ],
            "suppliers": {
                "Community Energy":{
                    "plans":[
                        {
                            "state": "pa",
                            "source": "pa historical",
                            "kwh500": null,
                            "kwh1000": null,
                            "kwh2000": null,
                            "rate_unit": "kWh",
                            "plan_id": null,
                            "name": null,
                            "plan_details": null,
                            "usage_credits": [
                                {
                                    "min": 0,
                                    "amount": 0,
                                    "max": null
                                }
                            ],
                            "formula": null,
                            "utility_name": "Duquesne Light",
                            "supplier_name": "Community Energy",
                            "plan_phone": "866-WIND-123",
                            "website_url": "www.NewWindEnergy.com",
                            "plan_type": "Regular Residential Service",
                            "rate":[
                                {
                                    "min": 0,
                                    "max": null,
                                    "amount": 9.19
                                }
                            ],
                            "monthly_charge": null,
                            "rate_type": "variable",
                            "is_fixed": false,
                            "is_variable": true,
                            "term": 1,
                            "green_percentage": 100,
                            "green_details": "100% renewable",
                            "is_green": true,
                            "early_term_fee": null,
                            "early_term_details": null,
                            "original_data": "New Wind Energy™ Current supplier charge plus 2.5 ¢ per kWh, or $2.50 for each 100 kWh block* 100% renewable *You must purchase a minimum of two 100 kWh blocks. This minimum purchase would increase your current generation bill by $5.00 per month. **The price of this service will be added to  your current electric supply Yes",
                            "description": "**The price of this service will be added to  your current electric supply",
                            "created_at" : {
                               "month" : 11,
                                "year" : 2005,
                                "day" : 3
                                }  
                        },
                        {
                            "state": "pa",
                            "source": "pa historical",
                            "kwh500": null,
                            "kwh1000": null,
                            "kwh2000": null,
                            "rate_unit": "kWh",
                            "plan_id": null,
                            "name": null,
                            "plan_details": null,
                            "usage_credits": [
                                {
                                    "min": 0,
                                    "amount": 0,
                                    "max": null
                                }
                            ],
                            "formula": null,
                            "utility_name": "Duquesne Light",
                            "supplier_name": "Community Energy",
                            "plan_phone": "866-WIND-123",
                            "website_url": "www.NewWindEnergy.com",
                            "plan_type": "Residential Heating Service",
                            "rate":[
                                {
                                    "min": 0,
                                    "max": 500,
                                    "amount": 10.5
                                },
                                {
                                    "min": 501,
                                    "max": null,
                                    "amount": 5.47
                                }
                            ],
                            "monthly_charge": null,
                            "rate_type": "variable",
                            "is_fixed": false,
                            "is_variable": true,
                            "term": 1,
                            "green_percentage": 100,
                            "green_details": "100% renewable",
                            "is_green": true,
                            "early_term_fee": null,
                            "early_term_details": null,
                            "original_data": "New Wind Energy™ Current supplier charge plus 2.5 ¢ per kWh, or $2.50 for each 100 kWh block* 100% renewable *You must purchase a minimum of two 100 kWh blocks. This minimum purchase would increase your current generation bill by $5.00 per month. **The price of this service will be added to  your current electric supply Yes",
                            "description": "**The price of this service will be added to  your current electric supply",
                            "created_at" : {
                               "month" : 11,
                                "year" : 2005,
                                "day" : 3
                                }  
                        },
                        {
                            "state": "pa",
                            "source": "pa historical",
                            "kwh500": null,
                            "kwh1000": null,
                            "kwh2000": null,
                            "rate_unit": "kWh",
                            "plan_id": null,
                            "name": null,
                            "plan_details": null,
                            "usage_credits": [
                                {
                                    "min": 0,
                                    "amount": 0,
                                    "max": null
                                }
                            ],
                            "formula": null,
                            "utility_name": "Duquesne Light",
                            "supplier_name": "Community Energy",
                            "plan_phone": "866-WIND-123",
                            "website_url": "www.NewWindEnergy.com",
                            "plan_type": "Residential Add On Heat Pump",
                            "rate":[
                                {
                                    "min": 0,
                                    "max": 500,
                                    "amount": 10.66
                                },
                                {
                                    "min": 501,
                                    "max": null,
                                    "amount": 5.6
                                }
                            ],
                            "monthly_charge": null,
                            "rate_type": "variable",
                            "is_fixed": false,
                            "is_variable": true,
                            "term": 1,
                            "green_percentage": 100,
                            "green_details": "100% renewable",
                            "is_green": true,
                            "early_term_fee": null,
                            "early_term_details": null,
                            "original_data": "New Wind Energy™ Current supplier charge plus 2.5 ¢ per kWh, or $2.50 for each 100 kWh block* 100% renewable *You must purchase a minimum of two 100 kWh blocks. This minimum purchase would increase your current generation bill by $5.00 per month. **The price of this service will be added to  your current electric supply Yes",
                            "description": "**The price of this service will be added to  your current electric supply",
                            "created_at" : {
                                "month" : 11,
                                "year" : 2005,
                                "day" : 3
                                }  
                        }  
                    ]
                }
            }
        }
    },
    {
        "Met Ed": {
            "default_rate": [
                {
                    "min": 0,
                    "max": null,
                    "amount": 4.585
                }
            ],
            "suppliers": {
                "Community Energy":{
                    "plans":[
                        {
                            "state": "pa",
                            "source": "pa historical",
                            "kwh500": null,
                            "kwh1000": null,
                            "kwh2000": null,
                            "rate_unit": "kWh",
                            "plan_id": null,
                            "name": null,
                            "plan_details": null,
                            "usage_credits": [
                                {
                                    "min": 0,
                                    "amount": 0,
                                    "max": null
                                }
                            ],
                            "formula": null,
                            "utility_name": "Met Ed",
                            "supplier_name": "Community Energy",
                            "plan_phone": "866-WIND-123",
                            "website_url": "www.NewWindEnergy.com",
                            "plan_type": "Regular Residential Service",
                            "rate":[
                                {
                                    "min": 0,
                                    "max": null,
                                    "amount": 7.085
                                }
                            ],
                            "monthly_charge": null,
                            "rate_type": "variable",
                            "is_fixed": false,
                            "is_variable": true,
                            "term": 1,
                            "green_percentage": 100,
                            "green_details": "100% renewable",
                            "is_green": true,
                            "early_term_fee": null,
                            "early_term_details": null,
                            "original_data": "New Wind Energy™ Current supplier charge plus 2.5 ¢ per kWh, or $2.50 for each 100 kWh block* 100% renewable *You must purchase a minimum of two 100 kWh blocks. This minimum purchase would increase your current generation bill by $5.00 per month. **The price of this service will be added to  your current electric supply Yes",
                            "description": "**The price of this service will be added to  your current electric supply",
                            "created_at" : {
                                "month" : 11,
                                "year" : 2005,
                                "day" : 3
                            }  
                        }
                    ]
                }
            }
        }
    },
    {
        "PECO Energy":{
            "default_rate": [
                {      
                    "min":0,
                    "max":null,
                    "amount": 6.08
                }
            ],
            "default_rh_rate":  [
                {
                    "min":0,
                    "max":600,
                    "amount": 6.32
                },
                {
                    "min":601,
                    "max":null,
                    "amount":  3.53
                }
            ],
            "suppliers":{
                "Commerce Energy, Inc.":{
                    "plans":[
                        {
                            "state": "pa",
                            "source": "pa historical",
                            "kwh500": null,
                            "kwh1000": null,
                            "kwh2000": null,
                            "rate_unit": "kWh",
                            "plan_id": null,
                            "name": null,
                            "plan_details": null,
                            "usage_credits": [
                                {
                                    "min": 0,
                                    "amount": 0,
                                    "max": null
                                }
                            ],
                            "formula": null,
                            "utility_name": "PECO Energy",
                            "supplier_name": "Commerce Energy, Inc.",
                            "plan_phone": "1-877-226-5392",
                            "website_url": "www.commerceenergy.com",
                            "plan_type": "Regular Residential Service",
                            "rate": [
                                {
                                    "min": 0,
                                    "max": null,
                                    "amount": 11.62
                                }
                            ],
                            "monthly_charge": [
                                {
                                    "min": 0,
                                    "max": null,
                                    "amount": 278
                                }
                            ],
                            "rate_type": "variable",
                            "is_fixed": false,
                            "is_variable": true,
                            "term": 1,
                            "green_percentage": null,
                            "green_details": null,
                            "is_green": false,
                            "early_term_fee": null,
                            "early_term_details": null,
                            "original_data": "11.62 ¢ $60.88 $118.98 $235.18 *Plus $2.78 per month",
                            "description": "*Plus $2.78 per month",
                            "created_at" : {
                                "month" : 11,
                                "year" : 2005,
                                "day" : 3
                                }  
                        },
                        {
                            "state": "pa",
                            "source": "pa historical",
                            "kwh500": null,
                            "kwh1000": null,
                            "kwh2000": null,
                            "rate_unit": "kWh",
                            "plan_id": null,
                            "name": null,
                            "plan_details": null,
                            "usage_credits": [
                                {
                                    "min": 0,
                                    "amount": 0,
                                    "max": null
                                }
                            ],
                            "formula": null,
                            "utility_name": "PECO Energy",
                            "supplier_name": "Commerce Energy, Inc.",
                            "plan_phone": "1-877-226-5392",
                            "website_url": "www.commerceenergy.com",
                            "plan_type": "Regular Residential Service",
                            "rate": [
                                {
                                    "min": 0,
                                    "max": null,
                                    "amount": 11.62
                                }
                            ],
                            "monthly_charge": [
                                {
                                    "min": 0,
                                    "max": null,
                                    "amount": 278
                                }
                            ],
                            "rate_type": "variable",
                            "is_fixed": false,
                            "is_variable": true,
                            "term": 1,
                            "green_percentage": null,
                            "green_details": null,
                            "is_green": false,
                            "early_term_fee": null,
                            "early_term_details": null,
                            "original_data": "11.62 ¢ $60.88 $118.98 $235.18 Plus $2.78 per month",
                            "description": "*Plus $2.78 per month",
                            "created_at" : {
                                "month" : 11,
                                "year" : 2005,
                                "day" : 3
                                }  
                        }
                    ]
                },
                "Community Energy":{
                    "plans":[
                        {
                            "state": "pa",
                            "source": "pa historical",
                            "kwh500": null,
                            "kwh1000": null,
                            "kwh2000": null,
                            "rate_unit": "kWh",
                            "plan_id": null,
                            "name": null,
                            "plan_details": null,
                            "usage_credits": [
                                {
                                    "min": 0,
                                    "amount": 0,
                                    "max": null
                                }
                            ],
                            "formula": null,
                            "utility_name": "PECO Energy",
                            "supplier_name": "Community Energy",
                            "plan_phone": "866-WIND-123",
                            "website_url": "www.NewWindEnergy.com",
                            "plan_type": "Regular Residential Service",
                            "rate":[
                                {      
                                    "min":0,
                                    "max":null,
                                    "amount": 8.58
                                }
                            ],
                            "monthly_charge": null,
                            "rate_type": "variable",
                            "is_fixed": false,
                            "is_variable": true,
                            "term": 1,
                            "green_percentage": 100,
                            "green_details": "100% renewable",
                            "is_green": true,
                            "early_term_fee": null,
                            "early_term_details": null,
                            "original_data": "New Wind Energy™ Current supplier charge plus 2.5 ¢ per kWh, or $2.50 for each 100 kWh block* 100% renewable *You must purchase a minimum of two 100 kWh blocks. This minimum purchase would increase your current generation bill by $5.00 per month. **The price of this service will be added to  your current electric supply Yes",
                            "description": "**The price of this service will be added to  your current electric supply",
                            "created_at" : {
                                "month" : 11,
                                "year" : 2005,
                                "day" : 3
                                }  
                        },
                        {
                            "state": "pa",
                            "source": "pa historical",
                            "kwh500": null,
                            "kwh1000": null,
                            "kwh2000": null,
                            "rate_unit": "kWh",
                            "plan_id": null,
                            "name": null,
                            "plan_details": null,
                            "usage_credits": [
                                {
                                    "min": 0,
                                    "amount": 0,
                                    "max": null
                                }
                            ],
                            "formula": null,
                            "utility_name": "PECO Energy",
                            "supplier_name": "Community Energy",
                            "plan_phone": "866-WIND-123",
                            "website_url": "www.NewWindEnergy.com",
                            "plan_type": "Residential Heating Service",
                            "rate":[
                                {
                                    "min":0,
                                    "max":600,
                                    "amount": 8.82
                                },
                                {
                                    "min":601,
                                    "max":null,
                                    "amount": 6.03
                                }
                            ],
                            "monthly_charge": null,
                            "rate_type": "variable",
                            "is_fixed": false,
                            "is_variable": true,
                            "term": 1,
                            "green_percentage": 100,
                            "green_details": "100% renewable",
                            "is_green": true,
                            "early_term_fee": null,
                            "early_term_details": null,
                            "original_data": "New Wind Energy™ Current supplier charge plus 2.5 ¢ per kWh, or $2.50 for each 100 kWh block* 100% renewable *You must purchase a minimum of two 100 kWh blocks. This minimum purchase would increase your current generation bill by $5.00 per month. **The price of this service will be added to  your current electric supply Yes",
                            "description": "**The price of this service will be added to  your current electric supply",
                            "created_at" : {
                                "month" : 11,
                                "year" : 2005,
                                "day" : 3
                                }  
                        }
                    ]
                },
                "Energy Cooperative Association of Pennsylvania":{
                    "plans":[
                        {
                            "state": "pa",
                            "source": "pa historical",
                            "kwh500": null,
                            "kwh1000": null,
                            "kwh2000": null,
                            "rate_unit": "kWh",
                            "plan_id": null,
                            "name": null,
                            "plan_details": null,
                            "usage_credits": [
                                {
                                    "min": 0,
                                    "amount": 0,
                                    "max": null
                                }
                            ],
                            "formula": null,
                            "utility_name": "PECO Energy",
                            "supplier_name": "The Energy Co-op",
                            "plan_phone": "800-223-5783 or 215-413-2122",
                            "website_url": "www.theenergy.coop",
                            "plan_type": "Regular Residential Service",
                            "rate": [
                                {
                                    "min": 0,
                                    "max": null,
                                    "amount": 8.99
                                }
                            ],
                            "monthly_charge": null,
                            "rate_type": "variable",
                            "is_fixed": false,
                            "is_variable": true,
                            "term": 1,
                            "green_percentage": 100,
                            "green_details": "100% renewable",
                            "is_green": true,
                            "early_term_fee": null,
                            "early_term_details": null,
                            "original_data": "EcoChoice 100% renewable 8.99 ¢ $44.95 $89.90 $179.80 Yes",
                            "description": null,
                            "created_at" : {
                                "month" : 11,
                                "year" : 2005,
                                "day" : 3
                                }  
                        },
                        {
                            "state": "pa",
                            "source": "pa historical",
                            "kwh500": null,
                            "kwh1000": null,
                            "kwh2000": null,
                            "rate_unit": "kWh",
                            "plan_id": null,
                            "name": null,
                            "plan_details": null,
                            "usage_credits": [
                                {
                                    "min": 0,
                                    "amount": 0,
                                    "max": null
                                }
                            ],
                            "formula": null,
                            "utility_name": "PECO Energy",
                            "supplier_name": "The Energy Co-op",
                            "plan_phone": "800-223-5783 or 215-413-2122",
                            "website_url": "www.theenergy.coop",
                            "plan_type": "Regular Residential Service",
                            "rate": [
                                {
                                    "min": 0,
                                    "max": null,
                                    "amount": 8.49
                                }
                            ],
                            "monthly_charge": null,
                            "rate_type": "variable",
                            "is_fixed": false,
                            "is_variable": true,
                            "term": 1,
                            "green_percentage": null,
                            "green_details": null,
                            "is_green": false,
                            "early_term_fee": null,
                            "early_term_details": null,
                            "original_data": "Standard 8.49 ¢ $42.45 $84.90 $169.80 Yes",
                            "description": null,
                            "created_at" : {
                                "month" : 11,
                                "year" : 2005,
                                "day" : 3
                            }  
                        },
                        {
                            "state": "pa",
                            "source": "pa historical",
                            "kwh500": null,
                            "kwh1000": null,
                            "kwh2000": null,
                            "rate_unit": "kWh",
                            "plan_id": null,
                            "name": null,
                            "plan_details": null,
                            "usage_credits": [
                                {
                                    "min": 0,
                                    "amount": 0,
                                    "max": null
                                }
                            ],
                            "formula": null,
                            "utility_name": "PECO Energy",
                            "supplier_name": "The Energy Co-op",
                            "plan_phone": "800-223-5783 or 215-413-2122",
                            "website_url": "www.theenergy.coop",
                            "plan_type": "Residential Heating Service",
                            "rate": [
                                {
                                    "min": 0,
                                    "max": null,
                                    "amount": 8.99
                                }
                            ],
                            "monthly_charge": null,
                            "rate_type": "variable",
                            "is_fixed": false,
                            "is_variable": true,
                            "term": 1,
                            "green_percentage": 100,
                            "green_details": "100% renewable",
                            "is_green": true,
                            "early_term_fee": null,
                            "early_term_details": null,
                            "original_data": "EcoChoice 100% renewable 8.99 ¢ $44.95 $89.90 $179.80 Yes",
                            "description": null,
                            "created_at" : {
                                "month" : 11,
                                "year" : 2005,
                                "day" : 3
                                }  
                        },
                        {
                            "state": "pa",
                            "source": "pa historical",
                            "kwh500": null,
                            "kwh1000": null,
                            "kwh2000": null,
                            "rate_unit": "kWh",
                            "plan_id": null,
                            "name": null,
                            "plan_details": null,
                            "usage_credits": [
                                {
                                    "min": 0,
                                    "amount": 0,
                                    "max": null
                                }
                            ],
                            "formula": null,
                            "utility_name": "PECO Energy",
                            "supplier_name": "The Energy Co-op",
                            "plan_phone": "800-223-5783 or 215-413-2122",
                            "website_url": "www.theenergy.coop",
                            "plan_type": "Residential Heating Service",
                            "rate": [
                                {
                                    "min": 0,
                                    "max": null,
                                    "amount": 8.49
                                }
                            ],
                            "monthly_charge": null,
                            "rate_type": "variable",
                            "is_fixed": false,
                            "is_variable": true,
                            "term": 1,
                            "green_percentage": null,
                            "green_details": null,
                            "is_green": false,
                            "early_term_fee": null,
                            "early_term_details": null,
                            "original_data": "Standard 8.49 ¢ $42.45 $84.90 $169.80 Yes",
                            "description": null,
                            "created_at" : {
                                "month" : 11,
                                "year" : 2005,
                                "day" : 3
                            }  
                        }
                    ]
                },
                "PowerChoice by Pepco Energy Services":{
                    "plans":[
                        {
                            "state": "pa",
                            "source": "pa historical",
                            "kwh500": null,
                            "kwh1000": null,
                            "kwh2000": null,
                            "rate_unit": "kWh",
                            "plan_id": null,
                            "name": null,
                            "plan_details": null,
                            "usage_credits": [
                                {
                                    "min": 0,
                                    "amount": 0,
                                    "max": null
                                }
                            ],
                            "formula": null,
                            "utility_name": "PECO Energy",
                            "supplier_name": "PowerChoice by Pepco Energy Services",
                            "plan_phone": "800-213-7719",
                            "website_url": "www.PowerChoice.com",
                            "plan_type": "Regular Residential Service",
                            "rate": [
                                {
                                    "min": 0,
                                    "max": null,
                                    "amount": 12.78
                                }
                            ],
                            "monthly_charge": null,
                            "rate_type": "variable",
                            "is_fixed": false,
                            "is_variable": true,
                            "term": 1,
                            "green_percentage": 10,
                            "green_details": "10% renewable",
                            "is_green": false,
                            "early_term_fee": null,
                            "early_term_details": null,
                            "original_data": "*Internet Enrollment 10% renewable 12.78 ¢ $63.90 $127.80 $255.60",
                            "description": null,
                            "created_at" : {
                                "month" : 11,
                                "year" : 2005,
                                "day" : 3
                                }  
                        },
                        {
                            "state": "pa",
                            "source": "pa historical",
                            "kwh500": null,
                            "kwh1000": null,
                            "kwh2000": null,
                            "rate_unit": "kWh",
                            "plan_id": null,
                            "name": null,
                            "plan_details": null,
                            "usage_credits": [
                                {
                                    "min": 0,
                                    "amount": 0,
                                    "max": null
                                }
                            ],
                            "formula": null,
                            "utility_name": "PECO Energy",
                            "supplier_name": "PowerChoice by Pepco Energy Services",
                            "plan_phone": "800-213-7719",
                            "website_url": "www.PowerChoice.com",
                            "plan_type": "Regular Residential Service",
                            "rate": [
                                {
                                    "min": 0,
                                    "max": null,
                                    "amount": 13.14
                                }
                            ],
                            "monthly_charge": null,
                            "rate_type": "variable",
                            "is_fixed": false,
                            "is_variable": true,
                            "term": 1,
                            "green_percentage": 51,
                            "green_details": "51% renewable",
                            "is_green": false,
                            "early_term_fee": null,
                            "early_term_details": null,
                            "original_data": "*Internet Enrollment 51% renewable 13.14 ¢ $65.70 $131.40 $262.80",
                            "description": null,
                            "created_at" : {
                                "month" : 11,
                                "year" : 2005,
                                "day" : 3
                                }  
                        },
                        {
                            "state": "pa",
                            "source": "pa historical",
                            "kwh500": null,
                            "kwh1000": null,
                            "kwh2000": null,
                            "rate_unit": "kWh",
                            "plan_id": null,
                            "name": null,
                            "plan_details": null,
                            "usage_credits": [
                                {
                                    "min": 0,
                                    "amount": 0,
                                    "max": null
                                }
                            ],
                            "formula": null,
                            "utility_name": "PECO Energy",
                            "supplier_name": "PowerChoice by Pepco Energy Services",
                            "plan_phone": "800-213-7719",
                            "website_url": "www.PowerChoice.com",
                            "plan_type": "Regular Residential Service",
                            "rate": [
                                {
                                    "min": 0,
                                    "max": null,
                                    "amount": 13.58
                                }
                            ],
                            "monthly_charge": null,
                            "rate_type": "variable",
                            "is_fixed": false,
                            "is_variable": true,
                            "term": 1,
                            "green_percentage": 100,
                            "green_details": "100% renewable",
                            "is_green": true,
                            "early_term_fee": null,
                            "early_term_details": null,
                            "original_data": "*Internet Enrollment 100% renewable 13.58 ¢ $67.90 $135.80 $271.60",
                            "description": null,
                            "created_at" : {
                                "month" : 11,
                                "year" : 2005,
                                "day" : 3
                                }  
                        },
                        {
                            "state": "pa",
                            "source": "pa historical",
                            "kwh500": null,
                            "kwh1000": null,
                            "kwh2000": null,
                            "rate_unit": "kWh",
                            "plan_id": null,
                            "name": null,
                            "plan_details": null,
                            "usage_credits": [
                                {
                                    "min": 0,
                                    "amount": 0,
                                    "max": null
                                }
                            ],
                            "formula": null,
                            "utility_name": "PECO Energy",
                            "supplier_name": "PowerChoice by Pepco Energy Services",
                            "plan_phone": "800-213-7719",
                            "website_url": "www.PowerChoice.com",
                            "plan_type": "Regular Residential Service",
                            "rate": [
                                {
                                    "min": 0,
                                    "max": null,
                                    "amount": 13.54
                                }
                            ],
                            "monthly_charge": null,
                            "rate_type": "variable",
                            "is_fixed": false,
                            "is_variable": true,
                            "term": 1,
                            "green_percentage": 51,
                            "green_details": "Wind, 51% renewable",
                            "is_green": false,
                            "early_term_fee": null,
                            "early_term_details": null,
                            "original_data": "*Internet Enrollment Wind, 51% renewable 13.54 ¢ $67.70 $135.40 $270.80",
                            "description": null,
                            "created_at" : {
                                "month" : 11,
                                "year" : 2005,
                                "day" : 3
                                }  
                        },
                        {
                            "state": "pa",
                            "source": "pa historical",
                            "kwh500": null,
                            "kwh1000": null,
                            "kwh2000": null,
                            "rate_unit": "kWh",
                            "plan_id": null,
                            "name": null,
                            "plan_details": null,
                            "usage_credits": [
                                {
                                    "min": 0,
                                    "amount": 0,
                                    "max": null
                                }
                            ],
                            "formula": null,
                            "utility_name": "PECO Energy",
                            "supplier_name": "PowerChoice by Pepco Energy Services",
                            "plan_phone": "800-213-7719",
                            "website_url": "www.PowerChoice.com",
                            "plan_type": "Regular Residential Service",
                            "rate": [
                                {
                                    "min": 0,
                                    "max": null,
                                    "amount": 14.36
                                }
                            ],
                            "monthly_charge": null,
                            "rate_type": "variable",
                            "is_fixed": false,
                            "is_variable": true,
                            "term": 1,
                            "green_percentage": 100,
                            "green_details": "Wind,100% renewable",
                            "is_green": true,
                            "early_term_fee": null,
                            "early_term_details": null,
                            "original_data": "*Internet Enrollment Wind, 100% renewable 14.36 ¢ $71.80 $143.60 $287.20",
                            "description": null,
                            "created_at" : {
                                "month" : 11,
                                "year" : 2005,
                                "day" : 3
                            }  
                        },
                        {
                            "state": "pa",
                            "source": "pa historical",
                            "kwh500": null,
                            "kwh1000": null,
                            "kwh2000": null,
                            "rate_unit": "kWh",
                            "plan_id": null,
                            "name": null,
                            "plan_details": null,
                            "usage_credits": [
                                {
                                    "min": 0,
                                    "amount": 0,
                                    "max": null
                                }
                            ],
                            "formula": null,
                            "utility_name": "PECO Energy",
                            "supplier_name": "PowerChoice by Pepco Energy Services",
                            "plan_phone": "800-213-7719",
                            "website_url": "www.PowerChoice.com",
                            "plan_type": "Residential Heating Service",
                            "rate": [
                                {
                                    "min": 0,
                                    "max": null,
                                    "amount": 13.17
                                }
                            ],
                            "monthly_charge": null,
                            "rate_type": "variable",
                            "is_fixed": false,
                            "is_variable": true,
                            "term": 1,
                            "green_percentage": 10,
                            "green_details": "10% renewable",
                            "is_green": false,
                            "early_term_fee": null,
                            "early_term_details": null,
                            "original_data": "*Internet Enrollment 10% renewable 12.78 ¢ $63.90 $127.80 $255.60",
                            "description": null,
                            "created_at" : {
                                "month" : 11,
                                "year" : 2005,
                                "day" : 3
                                }  
                        },
                        {
                            "state": "pa",
                            "source": "pa historical",
                            "kwh500": null,
                            "kwh1000": null,
                            "kwh2000": null,
                            "rate_unit": "kWh",
                            "plan_id": null,
                            "name": null,
                            "plan_details": null,
                            "usage_credits": [
                                {
                                    "min": 0,
                                    "amount": 0,
                                    "max": null
                                }
                            ],
                            "formula": null,
                            "utility_name": "PECO Energy",
                            "supplier_name": "PowerChoice by Pepco Energy Services",
                            "plan_phone": "800-213-7719",
                            "website_url": "www.PowerChoice.com",
                            "plan_type": "Residential Heating Service",
                            "rate": [
                                {
                                    "min": 0,
                                    "max": null,
                                    "amount": 13.54
                                }
                            ],
                            "monthly_charge": null,
                            "rate_type": "variable",
                            "is_fixed": false,
                            "is_variable": true,
                            "term": 1,
                            "green_percentage": 51,
                            "green_details": "51% renewable",
                            "is_green": false,
                            "early_term_fee": null,
                            "early_term_details": null,
                            "original_data": "*Internet Enrollment 51% renewable 13.14 ¢ $65.70 $131.40 $262.80",
                            "description": null,
                            "created_at" : {
                                "month" : 11,
                                "year" : 2005,
                                "day" : 3
                                }  
                        },
                        {
                            "state": "pa",
                            "source": "pa historical",
                            "kwh500": null,
                            "kwh1000": null,
                            "kwh2000": null,
                            "rate_unit": "kWh",
                            "plan_id": null,
                            "name": null,
                            "plan_details": null,
                            "usage_credits": [
                                {
                                    "min": 0,
                                    "amount": 0,
                                    "max": null
                                }
                            ],
                            "formula": null,
                            "utility_name": "PECO Energy",
                            "supplier_name": "PowerChoice by Pepco Energy Services",
                            "plan_phone": "800-213-7719",
                            "website_url": "www.PowerChoice.com",
                            "plan_type": "Residential Heating Service",
                            "rate": [
                                {
                                    "min": 0,
                                    "max": null,
                                    "amount": 13.97
                                }
                            ],
                            "monthly_charge": null,
                            "rate_type": "variable",
                            "is_fixed": false,
                            "is_variable": true,
                            "term": 1,
                            "green_percentage": 100,
                            "green_details": "100% renewable",
                            "is_green": true,
                            "early_term_fee": null,
                            "early_term_details": null,
                            "original_data": "*Internet Enrollment 100% renewable 13.58 ¢ $67.90 $135.80 $271.60",
                            "description": null,
                            "created_at" : {
                                "month" : 11,
                                "year" : 2005,
                                "day" : 3
                                }  
                        },
                        {
                            "state": "pa",
                            "source": "pa historical",
                            "kwh500": null,
                            "kwh1000": null,
                            "kwh2000": null,
                            "rate_unit": "kWh",
                            "plan_id": null,
                            "name": null,
                            "plan_details": null,
                            "usage_credits": [
                                {
                                    "min": 0,
                                    "amount": 0,
                                    "max": null
                                }
                            ],
                            "formula": null,
                            "utility_name": "PECO Energy",
                            "supplier_name": "PowerChoice by Pepco Energy Services",
                            "plan_phone": "800-213-7719",
                            "website_url": "www.PowerChoice.com",
                            "plan_type": "Residential Heating Service",
                            "rate": [
                                {
                                    "min": 0,
                                    "max": null,
                                    "amount": 13.93
                                }
                            ],
                            "monthly_charge": null,
                            "rate_type": "variable",
                            "is_fixed": false,
                            "is_variable": true,
                            "term": 1,
                            "green_percentage": 51,
                            "green_details": "Wind, 51% renewable",
                            "is_green": false,
                            "early_term_fee": null,
                            "early_term_details": null,
                            "original_data": "*Internet Enrollment Wind, 51% renewable 13.54 ¢ $67.70 $135.40 $270.80",
                            "description": null,
                            "created_at" : {
                                "month" : 11,
                                "year" : 2005,
                                "day" : 3
                                }  
                        },
                        {
                            "state": "pa",
                            "source": "pa historical",
                            "kwh500": null,
                            "kwh1000": null,
                            "kwh2000": null,
                            "rate_unit": "kWh",
                            "plan_id": null,
                            "name": null,
                            "plan_details": null,
                            "usage_credits": [
                                {
                                    "min": 0,
                                    "amount": 0,
                                    "max": null
                                }
                            ],
                            "formula": null,
                            "utility_name": "PECO Energy",
                            "supplier_name": "PowerChoice by Pepco Energy Services",
                            "plan_phone": "800-213-7719",
                            "website_url": "www.PowerChoice.com",
                            "plan_type": "Residential Heating Service",
                            "rate": [
                                {
                                    "min": 0,
                                    "max": null,
                                    "amount": 14.75
                                }
                            ],
                            "monthly_charge": null,
                            "rate_type": "variable",
                            "is_fixed": false,
                            "is_variable": true,
                            "term": 1,
                            "green_percentage": 100,
                            "green_details": "Wind,100% renewable",
                            "is_green": true,
                            "early_term_fee": null,
                            "early_term_details": null,
                            "original_data": "*Internet Enrollment Wind, 100% renewable 14.36 ¢ $71.80 $143.60 $287.20",
                            "description": null,
                            "created_at" : {
                                "month" : 11,
                                "year" : 2005,
                                "day" : 3
                            }  
                        }
                    ]
                }
            }
        }
    },
    {
        "Penelec":{
            "default_rate": [
                {
                    "min": 0,
                    "max": null,
                    "amount": 4.589
                }
            ],
            "suppliers":{
                "Community Energy":{
                    "plans":[
                        {
                            "state": "pa",
                            "source": "pa historical",
                            "kwh500": null,
                            "kwh1000": null,
                            "kwh2000": null,
                            "rate_unit": "kWh",
                            "plan_id": null,
                            "name": null,
                            "plan_details": null,
                            "usage_credits": [
                                {
                                    "min": 0,
                                    "amount": 0,
                                    "max": null
                                }
                            ],
                            "formula": null,
                            "utility_name": "Penelec",
                            "supplier_name": "Community Energy",
                            "plan_phone": "866-WIND-123",
                            "website_url": "www.NewWindEnergy.com",
                            "plan_type": "Regular Residential Service",
                            "rate":[
                                {
                                    "min": 0,
                                    "max": null,
                                    "amount": 7.089
                                }
                            ],
                            "monthly_charge": null,
                            "rate_type": "variable",
                            "is_fixed": false,
                            "is_variable": true,
                            "term": 1,
                            "green_percentage": 100,
                            "green_details": "100% renewable",
                            "is_green": true,
                            "early_term_fee": null,
                            "early_term_details": null,
                            "original_data": "New Wind Energy™ Current supplier charge plus 2.5 ¢ per kWh,100% renewable *You must purchase a minimum of two 100 kWh blocks. This minimum purchase would increase your current generation bill by $5.00 per month. **The price of this service will be added to  your current electric supply Yes",
                            "description": "**The price of this service will be added to  your current electric supply",
                            "created_at" : {
                                "month" : 11,
                                "year" : 2005,
                                "day" : 3
                            }  
                        }
                    ]
                }
            }
        }
    },
    {
        "Penn Power":{
            "default_rate": [
                {
                    "min": 0,
                    "max": null,
                    "amount": 5.20
                }
            ],
            "suppliers":{
                "Community Energy":{
                    "plans":[
                        {
                            "state": "pa",
                            "source": "pa historical",
                            "kwh500": null,
                            "kwh1000": null,
                            "kwh2000": null,
                            "rate_unit": "kWh",
                            "plan_id": null,
                            "name": null,
                            "plan_details": null,
                            "usage_credits": [
                                {
                                    "min": 0,
                                    "amount": 0,
                                    "max": null
                                }
                            ],
                            "formula": null,
                            "utility_name": "Penn Power",
                            "supplier_name": "Community Energy",
                            "plan_phone": "866-WIND-123",
                            "website_url": "www.NewWindEnergy.com",
                            "plan_type": "Regular Residential Service",
                            "rate":[
                                {
                                    "min": 0,
                                    "max": null,
                                    "amount": 7.7
                                }
                            ],
                            "monthly_charge": null,
                            "rate_type": "variable",
                            "is_fixed": false,
                            "is_variable": true,
                            "term": 1,
                            "green_percentage": 100,
                            "green_details": "100% renewable",
                            "is_green": true,
                            "early_term_fee": null,
                            "early_term_details": null,
                            "original_data": "New Wind Energy™ Current supplier charge plus 2.5 ¢ per kWh,or $2.50 for each 100 kWh block* 100% renewable *You must purchase a minimum of two 100 kWh blocks. This minimum purchase would increase your current generation bill by $5.00 per month. **The price of this service will be added to  your current electric supply Yes",
                            "description": "**The price of this service will be added to  your current electric supply",
                            "created_at" : {
                                "month" : 11,
                                "year" : 2005,
                                "day" : 3
                                }  
                        }
                    ]
                }
            }
        }
    },
    {
        "PPL Electric Utilities":{
            "default_rate": [
                {
                    "min": 0,
                    "max": 200,
                    "amount": 5.75
                },
                {
                    "min": 201,
                    "max": 800,
                    "amount": 5.12
                },
                {
                    "min": 801,
                    "max": null,
                    "amount": 4.74
                }
            ],
            "suppliers":{
                "Community Energy":{
                    "plans":[
                        {
                            "state": "pa",
                            "source": "pa historical",
                            "kwh500": null,
                            "kwh1000": null,
                            "kwh2000": null,
                            "rate_unit": "kWh",
                            "plan_id": null,
                            "name": null,
                            "plan_details": null,
                            "usage_credits": [
                                {
                                    "min": 0,
                                    "amount": 0,
                                    "max": null
                                }
                            ],
                            "formula": null,
                            "utility_name": "PPL Electric Utilities",
                            "supplier_name": "Community Energy",
                            "plan_phone": "866-WIND-123",
                            "website_url": "www.NewWindEnergy.com",
                            "plan_type": "Regular Residential Service",
                            "rate":[
                                {
                                    "min": 0,
                                    "max": 200,
                                    "amount": 8.25
                                },
                                {
                                    "min": 201,
                                    "max": 800,
                                    "amount": 7.62
                                },
                                {
                                    "min": 801,
                                    "max": null,
                                    "amount": 7.24
                                }
                            ],
                            "monthly_charge": null,
                            "rate_type": "variable",
                            "is_fixed": false,
                            "is_variable": true,
                            "term": 1,
                            "green_percentage": 100,
                            "green_details": "100% renewable",
                            "is_green": true,
                            "early_term_fee": null,
                            "early_term_details": null,
                            "original_data": "New Wind Energy™ Current supplier charge plus 2.5 ¢ per kWh,or $2.50 for each 100 kWh block* 100% renewable *You must purchase a minimum of two 100 kWh blocks. This minimum purchase would increase your current generation bill by $5.00 per month. **The price of this service will be added to  your current electric supply Yes",
                            "description": "**The price of this service will be added to  your current electric supply",
                            "created_at" : {
                                "month" : 11,
                                "year" : 2005,
                                "day" : 3
                            }  
                        }
                    ]
                }
            }
        }
    },
    {
        "UGI":{
            "default_rate": [
                {
                    "min": 0,
                    "max": 500,
                    "amount": 6.638
                },
                {
                    "min": 501,
                    "max": 1000,
                    "amount": 5.788
                },
                {
                    "min": 1001,
                    "max": null,
                    "amount": 4.524 
                }
            ],
            "suppliers":{
                "Community Energy":{
                    "plans":[
                        {
                            "state": "pa",
                            "source": "pa historical",
                            "kwh500": null,
                            "kwh1000": null,
                            "kwh2000": null,
                            "rate_unit": "kWh",
                            "plan_id": null,
                            "name": null,
                            "plan_details": null,
                            "usage_credits": [
                                {
                                    "min": 0,
                                    "amount": 0,
                                    "max": null
                                }
                            ],
                            "formula": null,
                            "utility_name": "UGI",
                            "supplier_name": "Community Energy",
                            "plan_phone": "866-WIND-123",
                            "website_url": "www.NewWindEnergy.com",
                            "plan_type": "Regular Residential Service",
                            "rate":[
                                {
                                    "min": 0,
                                    "max": 500,
                                    "amount": 9.138
                                },
                                {
                                    "min": 501,
                                    "max": 1000,
                                    "amount": 8.288
                                },
                                {
                                    "min": 1001,
                                    "max": null,
                                    "amount": 7.024
                                }
                            ],
                            "monthly_charge": null,
                            "rate_type": "variable",
                            "is_fixed": false,
                            "is_variable": true,
                            "term": 1,
                            "green_percentage": 100,
                            "green_details": "100% renewable",
                            "is_green": true,
                            "early_term_fee": null,
                            "early_term_details": null,
                            "original_data": "New Wind Energy™ Current supplier charge plus 2.5 ¢ per kWh,or $2.50 for each 100 kWh block* 100% renewable *You must purchase a minimum of two 100 kWh blocks. This minimum purchase would increase your current generation bill by $5.00 per month. **The price of this service will be added to  your current electric supply Yes",
                            "description": "**The price of this service will be added to  your current electric supply",
                            "created_at" : {
                                "month" : 11,
                                "year" : 2005,
                                "day" : 3
                            }  
                        }
                    ]
                }
            }
        }
    }
]