[
    {
        "Allegheny Power": {
            "default_rate": [
                {
                    "min": 0,
                    "max": null,
                    "amount": 4.286
                }
            ],
            "suppliers": {
                "Community Energy":{
                    "plans":[
                        {
                            "state": "pa",
                            "source": "pa historical",
                            "kwh500": null,
                            "kwh1000": null,
                            "kwh2000": null,
                            "rate_unit": "kWh",
                            "plan_id": null,
                            "name": null,
                            "plan_details": null,
                            "usage_credits": [
                                {
                                    "min": 0,
                                    "amount": 0,
                                    "max": null
                                }
                            ],
                            "formula": null,
                            "utility_name": "Allegheny Power",
                            "supplier_name": "Community Energy",
                            "plan_phone": "866-WIND-123",
                            "website_url": "www.NewWindEnergy.com",
                            "plan_type": "Regular Residential Service",
                            "rate":[
                                {
                                    "min": 0,
                                    "max": null,
                                    "amount": 6.786
                                }
                            ],
                            "monthly_charge": null,
                            "rate_type": "variable",
                            "is_fixed": false,
                            "is_variable": true,
                            "term": 1,
                            "green_percentage": 100,
                            "green_details": "100% renewable",
                            "is_green": true,
                            "early_term_fee": null,
                            "early_term_details": null,
                            "original_data": "New Wind Energy™ Current supplier charge plus 2.5 ¢ per kWh, or $2.50 for each 100 kWh block* 100% renewable *You must purchase a minimum of two 100 kWh blocks. This minimum purchase would increase your current generation bill by $5.00 per month. **The price of this service will be added to  your current electric supply Yes",
                            "description": "**The price of this service will be added to  your current electric supply",
                            "created_at" : {
                                "month" : 1,
                                "year" : 2006,
                                "day" : 12
                            }  
                        }
                    ]
                }
            }
        }
    },
    {
        "Duquesne Light": {
            "default_rate": [
                {
                    "min": 0,
                    "max": null,
                    "amount": 6.67
                }
            ],
            "default_rh_rate": [
                {
                    "min": 0,
                    "max": 500,
                    "amount": 7.98
                },
                {
                    "min": 501,
                    "max": null,
                    "amount": 2.96
                }
            ],
            "default_ra_rate": [
                {
                    "min": 0,
                    "max": 500,
                    "amount": 8.15
                },
                {
                    "min": 501,
                    "max": null,
                    "amount": 3.10
                }
            ],
            "suppliers": {
                "Community Energy":{
                    "plans":[
                        {
                            "state": "pa",
                            "source": "pa historical",
                            "kwh500": null,
                            "kwh1000": null,
                            "kwh2000": null,
                            "rate_unit": "kWh",
                            "plan_id": null,
                            "name": null,
                            "plan_details": null,
                            "usage_credits": [
                                {
                                    "min": 0,
                                    "amount": 0,
                                    "max": null
                                }
                            ],
                            "formula": null,
                            "utility_name": "Duquesne Light",
                            "supplier_name": "Community Energy",
                            "plan_phone": "866-WIND-123",
                            "website_url": "www.NewWindEnergy.com",
                            "plan_type": "Regular Residential Service",
                            "rate":[
                                {
                                    "min": 0,
                                    "max": null,
                                    "amount": 9.17
                                }
                            ],
                            "monthly_charge": null,
                            "rate_type": "variable",
                            "is_fixed": false,
                            "is_variable": true,
                            "term": 1,
                            "green_percentage": 100,
                            "green_details": "100% renewable",
                            "is_green": true,
                            "early_term_fee": null,
                            "early_term_details": null,
                            "original_data": "New Wind Energy™ Current supplier charge plus 2.5 ¢ per kWh, or $2.50 for each 100 kWh block* 100% renewable *You must purchase a minimum of two 100 kWh blocks. This minimum purchase would increase your current generation bill by $5.00 per month. **The price of this service will be added to  your current electric supply Yes",
                            "description": "**The price of this service will be added to  your current electric supply",
                            "created_at" : {
                               "month" : 1,
                                "year" : 2006,
                                "day" : 12
                                }  
                        },
                        {
                            "state": "pa",
                            "source": "pa historical",
                            "kwh500": null,
                            "kwh1000": null,
                            "kwh2000": null,
                            "rate_unit": "kWh",
                            "plan_id": null,
                            "name": null,
                            "plan_details": null,
                            "usage_credits": [
                                {
                                    "min": 0,
                                    "amount": 0,
                                    "max": null
                                }
                            ],
                            "formula": null,
                            "utility_name": "Duquesne Light",
                            "supplier_name": "Community Energy",
                            "plan_phone": "866-WIND-123",
                            "website_url": "www.NewWindEnergy.com",
                            "plan_type": "Residential Heating Service",
                            "rate":[
                                {
                                    "min": 0,
                                    "max": 500,
                                    "amount": 10.48
                                },
                                {
                                    "min": 501,
                                    "max": null,
                                    "amount": 5.46
                                }
                            ],
                            "monthly_charge": null,
                            "rate_type": "variable",
                            "is_fixed": false,
                            "is_variable": true,
                            "term": 1,
                            "green_percentage": 100,
                            "green_details": "100% renewable",
                            "is_green": true,
                            "early_term_fee": null,
                            "early_term_details": null,
                            "original_data": "New Wind Energy™ Current supplier charge plus 2.5 ¢ per kWh, or $2.50 for each 100 kWh block* 100% renewable *You must purchase a minimum of two 100 kWh blocks. This minimum purchase would increase your current generation bill by $5.00 per month. **The price of this service will be added to  your current electric supply Yes",
                            "description": "**The price of this service will be added to  your current electric supply",
                            "created_at" : {
                               "month" : 1,
                                "year" : 2006,
                                "day" : 12
                                }  
                        },
                        {
                            "state": "pa",
                            "source": "pa historical",
                            "kwh500": null,
                            "kwh1000": null,
                            "kwh2000": null,
                            "rate_unit": "kWh",
                            "plan_id": null,
                            "name": null,
                            "plan_details": null,
                            "usage_credits": [
                                {
                                    "min": 0,
                                    "amount": 0,
                                    "max": null
                                }
                            ],
                            "formula": null,
                            "utility_name": "Duquesne Light",
                            "supplier_name": "Community Energy",
                            "plan_phone": "866-WIND-123",
                            "website_url": "www.NewWindEnergy.com",
                            "plan_type": "Residential Add On Heat Pump",
                            "rate":[
                                {
                                    "min": 0,
                                    "max": 500,
                                    "amount": 10.65
                                },
                                {
                                    "min": 501,
                                    "max": null,
                                    "amount": 5.6
                                }
                            ],
                            "monthly_charge": null,
                            "rate_type": "variable",
                            "is_fixed": false,
                            "is_variable": true,
                            "term": 1,
                            "green_percentage": 100,
                            "green_details": "100% renewable",
                            "is_green": true,
                            "early_term_fee": null,
                            "early_term_details": null,
                            "original_data": "New Wind Energy™ Current supplier charge plus 2.5 ¢ per kWh, or $2.50 for each 100 kWh block* 100% renewable *You must purchase a minimum of two 100 kWh blocks. This minimum purchase would increase your current generation bill by $5.00 per month. **The price of this service will be added to  your current electric supply Yes",
                            "description": "**The price of this service will be added to  your current electric supply",
                            "created_at" : {
                                "month" : 1,
                                "year" : 2006,
                                "day" : 12
                                }  
                        }  
                    ]
                }
            }
        }
    },
    {
        "Met Ed": {
            "default_rate": [
                {
                    "min": 0,
                    "max": null,
                    "amount": 4.832
                }
            ],
            "suppliers": {
                "Community Energy":{
                    "plans":[
                        {
                            "state": "pa",
                            "source": "pa historical",
                            "kwh500": null,
                            "kwh1000": null,
                            "kwh2000": null,
                            "rate_unit": "kWh",
                            "plan_id": null,
                            "name": null,
                            "plan_details": null,
                            "usage_credits": [
                                {
                                    "min": 0,
                                    "amount": 0,
                                    "max": null
                                }
                            ],
                            "formula": null,
                            "utility_name": "Met Ed",
                            "supplier_name": "Community Energy",
                            "plan_phone": "866-WIND-123",
                            "website_url": "www.NewWindEnergy.com",
                            "plan_type": "Regular Residential Service",
                            "rate":[
                                {
                                    "min": 0,
                                    "max": null,
                                    "amount": 7.332
                                }
                            ],
                            "monthly_charge": null,
                            "rate_type": "variable",
                            "is_fixed": false,
                            "is_variable": true,
                            "term": 1,
                            "green_percentage": 100,
                            "green_details": "100% renewable",
                            "is_green": true,
                            "early_term_fee": null,
                            "early_term_details": null,
                            "original_data": "New Wind Energy™ Current supplier charge plus 2.5 ¢ per kWh, or $2.50 for each 100 kWh block* 100% renewable *You must purchase a minimum of two 100 kWh blocks. This minimum purchase would increase your current generation bill by $5.00 per month. **The price of this service will be added to  your current electric supply Yes",
                            "description": "**The price of this service will be added to  your current electric supply",
                            "created_at" : {
                                "month" : 1,
                                "year" : 2006,
                                "day" : 12
                            }  
                        }
                    ]
                }
            }
        }
    },
    {
        "PECO Energy":{
            "default_rate": [
                {      
                    "min":0,
                    "max":null,
                    "amount": 6.57
                }
            ],
            "default_rh_rate": [
                {
                    "min":0,
                    "max":500,
                    "amount": 6.82
                },
                {
                    "min":501,
                    "max":null,
                    "amount": 3.79 
                }
            ],
            "suppliers":{
                "Commerce Energy, Inc.":{
                    "plans":[
                        {
                            "state": "pa",
                            "source": "pa historical",
                            "kwh500": null,
                            "kwh1000": null,
                            "kwh2000": null,
                            "rate_unit": "kWh",
                            "plan_id": null,
                            "name": null,
                            "plan_details": null,
                            "usage_credits": [
                                {
                                    "min": 0,
                                    "amount": 0,
                                    "max": null
                                }
                            ],
                            "formula": null,
                            "utility_name": "PECO Energy",
                            "supplier_name": "Commerce Energy, Inc.",
                            "plan_phone": "1-877-226-5392",
                            "website_url": "www.commerceenergy.com",
                            "plan_type": "Regular Residential Service",
                            "rate": [
                                {
                                    "min": 0,
                                    "max": null,
                                    "amount": 13.94
                                }
                            ],
                            "monthly_charge": [
                                {
                                    "min": 0,
                                    "max": null,
                                    "amount": 278
                                }
                            ],
                            "rate_type": "variable",
                            "is_fixed": false,
                            "is_variable": true,
                            "term": 1,
                            "green_percentage": null,
                            "green_details": null,
                            "is_green": false,
                            "early_term_fee": null,
                            "early_term_details": null,
                            "original_data": "13.94 ¢ $72.48 $142.18 $281.58 *Plus $2.78 per month Yes",
                            "description": "Plus $2.78 per month",
                            "created_at" : {
                                "month" : 1,
                                "year" : 2006,
                                "day" : 12
                                }  
                        },
                        {
                            "state": "pa",
                            "source": "pa historical",
                            "kwh500": null,
                            "kwh1000": null,
                            "kwh2000": null,
                            "rate_unit": "kWh",
                            "plan_id": null,
                            "name": null,
                            "plan_details": null,
                            "usage_credits": [
                                {
                                    "min": 0,
                                    "amount": 0,
                                    "max": null
                                }
                            ],
                            "formula": null,
                            "utility_name": "PECO Energy",
                            "supplier_name": "Commerce Energy, Inc.",
                            "plan_phone": "1-877-226-5392",
                            "website_url": "www.commerceenergy.com",
                            "plan_type": "Regular Residential Service",
                            "rate": [
                                {
                                    "min": 0,
                                    "max": null,
                                    "amount": 13.94
                                }
                            ],
                            "monthly_charge": [
                                {
                                    "min": 0,
                                    "max": null,
                                    "amount": 278
                                }
                            ],
                            "rate_type": "variable",
                            "is_fixed": false,
                            "is_variable": true,
                            "term": 1,
                            "green_percentage": null,
                            "green_details": null,
                            "is_green": false,
                            "early_term_fee": null,
                            "early_term_details": null,
                            "original_data": "13.94 ¢ $72.48 $142.18 $281.58 *Plus $2.78 per month Yes",
                            "description": "Plus $2.78 per month",
                            "created_at" : {
                                "month" : 1,
                                "year" : 2006,
                                "day" : 12
                                }  
                        }
                    ]
                },
                "Community Energy":{
                    "plans":[
                        {
                            "state": "pa",
                            "source": "pa historical",
                            "kwh500": null,
                            "kwh1000": null,
                            "kwh2000": null,
                            "rate_unit": "kWh",
                            "plan_id": null,
                            "name": null,
                            "plan_details": null,
                            "usage_credits": [
                                {
                                    "min": 0,
                                    "amount": 0,
                                    "max": null
                                }
                            ],
                            "formula": null,
                            "utility_name": "PECO Energy",
                            "supplier_name": "Community Energy",
                            "plan_phone": "866-WIND-123",
                            "website_url": "www.NewWindEnergy.com",
                            "plan_type": "Regular Residential Service",
                            "rate":[
                                {      
                                    "min":0,
                                    "max":null,
                                    "amount": 9.07
                                }
                            ],
                            "monthly_charge": null,
                            "rate_type": "variable",
                            "is_fixed": false,
                            "is_variable": true,
                            "term": 1,
                            "green_percentage": 100,
                            "green_details": "100% renewable",
                            "is_green": true,
                            "early_term_fee": null,
                            "early_term_details": null,
                            "original_data": "New Wind Energy™ Current supplier charge plus 2.5 ¢ per kWh, or $2.50 for each 100 kWh block* 100% renewable *You must purchase a minimum of two 100 kWh blocks. This minimum purchase would increase your current generation bill by $5.00 per month. **The price of this service will be added to  your current electric supply Yes",
                            "description": "**The price of this service will be added to  your current electric supply",
                            "created_at" : {
                                "month" : 1,
                                "year" : 2006,
                                "day" : 12
                                }  
                        },
                        {
                            "state": "pa",
                            "source": "pa historical",
                            "kwh500": null,
                            "kwh1000": null,
                            "kwh2000": null,
                            "rate_unit": "kWh",
                            "plan_id": null,
                            "name": null,
                            "plan_details": null,
                            "usage_credits": [
                                {
                                    "min": 0,
                                    "amount": 0,
                                    "max": null
                                }
                            ],
                            "formula": null,
                            "utility_name": "PECO Energy",
                            "supplier_name": "Community Energy",
                            "plan_phone": "866-WIND-123",
                            "website_url": "www.NewWindEnergy.com",
                            "plan_type": "Residential Heating Service",
                            "rate":[
                                {
                                    "min":0,
                                    "max":500,
                                    "amount": 9.32
                                },
                                {
                                    "min":501,
                                    "max":null,
                                    "amount": 6.29
                                }
                            ],
                            "monthly_charge": null,
                            "rate_type": "variable",
                            "is_fixed": false,
                            "is_variable": true,
                            "term": 1,
                            "green_percentage": 100,
                            "green_details": "100% renewable",
                            "is_green": true,
                            "early_term_fee": null,
                            "early_term_details": null,
                            "original_data": "New Wind Energy™ Current supplier charge plus 2.5 ¢ per kWh, or $2.50 for each 100 kWh block* 100% renewable *You must purchase a minimum of two 100 kWh blocks. This minimum purchase would increase your current generation bill by $5.00 per month. **The price of this service will be added to  your current electric supply Yes",
                            "description": "**The price of this service will be added to  your current electric supply",
                            "created_at" : {
                                "month" : 1,
                                "year" : 2006,
                                "day" : 12
                                }  
                        }
                    ]
                },
                "Energy Cooperative Association of Pennsylvania":{
                    "plans":[
                        {
                            "state": "pa",
                            "source": "pa historical",
                            "kwh500": null,
                            "kwh1000": null,
                            "kwh2000": null,
                            "rate_unit": "kWh",
                            "plan_id": null,
                            "name": null,
                            "plan_details": null,
                            "usage_credits": [
                                {
                                    "min": 0,
                                    "amount": 0,
                                    "max": null
                                }
                            ],
                            "formula": null,
                            "utility_name": "PECO Energy",
                            "supplier_name": "The Energy Co-op",
                            "plan_phone": "800-223-5783 or 215-413-2122",
                            "website_url": "www.theenergy.coop",
                            "plan_type": "Regular Residential Service",
                            "rate": [
                                {
                                    "min": 0,
                                    "max": null,
                                    "amount": 17.20
                                }
                            ],
                            "monthly_charge": null,
                            "rate_type": "variable",
                            "is_fixed": false,
                            "is_variable": true,
                            "term": 1,
                            "green_percentage": 100,
                            "green_details": "100% renewable",
                            "is_green": true,
                            "early_term_fee": null,
                            "early_term_details": null,
                            "original_data": " EcoChoice 17.20 ¢ $86.00 $172.00 $344.00 (100% renewable) Yes ",
                            "description": null,
                            "created_at" : {
                                "month" : 1,
                                "year" : 2006,
                                "day" : 12
                                }  
                        },
                        {
                            "state": "pa",
                            "source": "pa historical",
                            "kwh500": null,
                            "kwh1000": null,
                            "kwh2000": null,
                            "rate_unit": "kWh",
                            "plan_id": null,
                            "name": null,
                            "plan_details": null,
                            "usage_credits": [
                                {
                                    "min": 0,
                                    "amount": 0,
                                    "max": null
                                }
                            ],
                            "formula": null,
                            "utility_name": "PECO Energy",
                            "supplier_name": "The Energy Co-op",
                            "plan_phone": "800-223-5783 or 215-413-2122",
                            "website_url": "www.theenergy.coop",
                            "plan_type": "Residential Heating Service",
                            "rate": [
                                {
                                    "min": 0,
                                    "max": null,
                                    "amount": 17.20
                                }
                            ],
                            "monthly_charge": null,
                            "rate_type": "variable",
                            "is_fixed": false,
                            "is_variable": true,
                            "term": 1,
                            "green_percentage": 100,
                            "green_details": "100% renewable",
                            "is_green": true,
                            "early_term_fee": null,
                            "early_term_details": null,
                            "original_data": "EcoChoice 17.20 ¢ $86.00 $172.00 $344.00 (100% renewable) Yes ",
                            "description": null,
                            "created_at" : {
                                "month" : 1,
                                "year" : 2006,
                                "day" : 12
                            }  
                        }
                    ]
                },
                "PowerChoice by Pepco Energy Services":{
                    "plans":[
                        {
                            "state": "pa",
                            "source": "pa historical",
                            "kwh500": null,
                            "kwh1000": null,
                            "kwh2000": null,
                            "rate_unit": "kWh",
                            "plan_id": null,
                            "name": null,
                            "plan_details": null,
                            "usage_credits": [
                                {
                                    "min": 0,
                                    "amount": 0,
                                    "max": null
                                }
                            ],
                            "formula": null,
                            "utility_name": "PECO Energy",
                            "supplier_name": "PowerChoice by Pepco Energy Services",
                            "plan_phone": "800-213-7719",
                            "website_url": "www.PowerChoice.com",
                            "plan_type": "Regular Residential Service",
                            "rate": [
                                {
                                    "min": 0,
                                    "max": null,
                                    "amount": 13.07
                                }
                            ],
                            "monthly_charge": null,
                            "rate_type": "variable",
                            "is_fixed": false,
                            "is_variable": true,
                            "term": 1,
                            "green_percentage": 10,
                            "green_details": "10% renewable",
                            "is_green": false,
                            "early_term_fee": null,
                            "early_term_details": null,
                            "original_data": "*Internet Enrollment 10% renewable 13.07 ¢ $65.35 $130.70 $261.40",
                            "description": null,
                            "created_at" : {
                                "month" : 1,
                                "year" : 2006,
                                "day" : 12
                                }  
                        },
                        {
                            "state": "pa",
                            "source": "pa historical",
                            "kwh500": null,
                            "kwh1000": null,
                            "kwh2000": null,
                            "rate_unit": "kWh",
                            "plan_id": null,
                            "name": null,
                            "plan_details": null,
                            "usage_credits": [
                                {
                                    "min": 0,
                                    "amount": 0,
                                    "max": null
                                }
                            ],
                            "formula": null,
                            "utility_name": "PECO Energy",
                            "supplier_name": "PowerChoice by Pepco Energy Services",
                            "plan_phone": "800-213-7719",
                            "website_url": "www.PowerChoice.com",
                            "plan_type": "Regular Residential Service",
                            "rate": [
                                {
                                    "min": 0,
                                    "max": null,
                                    "amount": 13.43
                                }
                            ],
                            "monthly_charge": null,
                            "rate_type": "variable",
                            "is_fixed": false,
                            "is_variable": true,
                            "term": 1,
                            "green_percentage": 51,
                            "green_details": "51% renewable",
                            "is_green": false,
                            "early_term_fee": null,
                            "early_term_details": null,
                            "original_data": "*Internet Enrollment 51% renewable 13.43 ¢ $67.15 $134.30 $268.60",
                            "description": null,
                            "created_at" : {
                                "month" : 1,
                                "year" : 2006,
                                "day" : 12
                                }  
                        },
                        {
                            "state": "pa",
                            "source": "pa historical",
                            "kwh500": null,
                            "kwh1000": null,
                            "kwh2000": null,
                            "rate_unit": "kWh",
                            "plan_id": null,
                            "name": null,
                            "plan_details": null,
                            "usage_credits": [
                                {
                                    "min": 0,
                                    "amount": 0,
                                    "max": null
                                }
                            ],
                            "formula": null,
                            "utility_name": "PECO Energy",
                            "supplier_name": "PowerChoice by Pepco Energy Services",
                            "plan_phone": "800-213-7719",
                            "website_url": "www.PowerChoice.com",
                            "plan_type": "Regular Residential Service",
                            "rate": [
                                {
                                    "min": 0,
                                    "max": null,
                                    "amount": 13.87
                                }
                            ],
                            "monthly_charge": null,
                            "rate_type": "variable",
                            "is_fixed": false,
                            "is_variable": true,
                            "term": 1,
                            "green_percentage": 100,
                            "green_details": "100% renewable",
                            "is_green": true,
                            "early_term_fee": null,
                            "early_term_details": null,
                            "original_data": "*Internet Enrollment 100% renewable 13.87 ¢ $69.35 $138.70 $277.40",
                            "description": null,
                            "created_at" : {
                                "month" : 1,
                                "year" : 2006,
                                "day" : 12
                                }  
                        },
                        {
                            "state": "pa",
                            "source": "pa historical",
                            "kwh500": null,
                            "kwh1000": null,
                            "kwh2000": null,
                            "rate_unit": "kWh",
                            "plan_id": null,
                            "name": null,
                            "plan_details": null,
                            "usage_credits": [
                                {
                                    "min": 0,
                                    "amount": 0,
                                    "max": null
                                }
                            ],
                            "formula": null,
                            "utility_name": "PECO Energy",
                            "supplier_name": "PowerChoice by Pepco Energy Services",
                            "plan_phone": "800-213-7719",
                            "website_url": "www.PowerChoice.com",
                            "plan_type": "Regular Residential Service",
                            "rate": [
                                {
                                    "min": 0,
                                    "max": null,
                                    "amount": 13.83
                                }
                            ],
                            "monthly_charge": null,
                            "rate_type": "variable",
                            "is_fixed": false,
                            "is_variable": true,
                            "term": 1,
                            "green_percentage": 51,
                            "green_details": "Wind, 51% renewable",
                            "is_green": false,
                            "early_term_fee": null,
                            "early_term_details": null,
                            "original_data": "*Internet Enrollment Wind, 51% renewable 13.83 ¢ $69.15 $138.30 $276.60",
                            "description": null,
                            "created_at" : {
                                "month" : 1,
                                "year" : 2006,
                                "day" : 12
                                }  
                        },
                        {
                            "state": "pa",
                            "source": "pa historical",
                            "kwh500": null,
                            "kwh1000": null,
                            "kwh2000": null,
                            "rate_unit": "kWh",
                            "plan_id": null,
                            "name": null,
                            "plan_details": null,
                            "usage_credits": [
                                {
                                    "min": 0,
                                    "amount": 0,
                                    "max": null
                                }
                            ],
                            "formula": null,
                            "utility_name": "PECO Energy",
                            "supplier_name": "PowerChoice by Pepco Energy Services",
                            "plan_phone": "800-213-7719",
                            "website_url": "www.PowerChoice.com",
                            "plan_type": "Regular Residential Service",
                            "rate": [
                                {
                                    "min": 0,
                                    "max": null,
                                    "amount": 14.65
                                }
                            ],
                            "monthly_charge": null,
                            "rate_type": "variable",
                            "is_fixed": false,
                            "is_variable": true,
                            "term": 1,
                            "green_percentage": 100,
                            "green_details": "Wind,100% renewable",
                            "is_green": true,
                            "early_term_fee": null,
                            "early_term_details": null,
                            "original_data": "*Internet Enrollment Wind, 100% renewable 14.65 ¢ $73.25 $146.50 $293.00",
                            "description": null,
                            "created_at" : {
                                "month" : 1,
                                "year" : 2006,
                                "day" : 12
                            }  
                        },
                        {
                            "state": "pa",
                            "source": "pa historical",
                            "kwh500": null,
                            "kwh1000": null,
                            "kwh2000": null,
                            "rate_unit": "kWh",
                            "plan_id": null,
                            "name": null,
                            "plan_details": null,
                            "usage_credits": [
                                {
                                    "min": 0,
                                    "amount": 0,
                                    "max": null
                                }
                            ],
                            "formula": null,
                            "utility_name": "PECO Energy",
                            "supplier_name": "PowerChoice by Pepco Energy Services",
                            "plan_phone": "800-213-7719",
                            "website_url": "www.PowerChoice.com",
                            "plan_type": "Residential Heating Service",
                            "rate": [
                                {
                                    "min": 0,
                                    "max": null,
                                    "amount": 13.07
                                }
                            ],
                            "monthly_charge": null,
                            "rate_type": "variable",
                            "is_fixed": false,
                            "is_variable": true,
                            "term": 1,
                            "green_percentage": 10,
                            "green_details": "10% renewable",
                            "is_green": false,
                            "early_term_fee": null,
                            "early_term_details": null,
                            "original_data": "*Internet Enrollment 10% renewable 13.07 ¢ $65.35 $130.70 $261.40",
                            "description": null,
                            "created_at" : {
                                "month" : 1,
                                "year" : 2006,
                                "day" : 12
                                }  
                        },
                        {
                            "state": "pa",
                            "source": "pa historical",
                            "kwh500": null,
                            "kwh1000": null,
                            "kwh2000": null,
                            "rate_unit": "kWh",
                            "plan_id": null,
                            "name": null,
                            "plan_details": null,
                            "usage_credits": [
                                {
                                    "min": 0,
                                    "amount": 0,
                                    "max": null
                                }
                            ],
                            "formula": null,
                            "utility_name": "PECO Energy",
                            "supplier_name": "PowerChoice by Pepco Energy Services",
                            "plan_phone": "800-213-7719",
                            "website_url": "www.PowerChoice.com",
                            "plan_type": "Residential Heating Service",
                            "rate": [
                                {
                                    "min": 0,
                                    "max": null,
                                    "amount": 13.43
                                }
                            ],
                            "monthly_charge": null,
                            "rate_type": "variable",
                            "is_fixed": false,
                            "is_variable": true,
                            "term": 1,
                            "green_percentage": 51,
                            "green_details": "51% renewable",
                            "is_green": false,
                            "early_term_fee": null,
                            "early_term_details": null,
                            "original_data": "*Internet Enrollment 51% renewable 13.43 ¢ $67.15 $134.30 $268.60",
                            "description": null,
                            "created_at" : {
                                "month" : 1,
                                "year" : 2006,
                                "day" : 12
                                }  
                        },
                        {
                            "state": "pa",
                            "source": "pa historical",
                            "kwh500": null,
                            "kwh1000": null,
                            "kwh2000": null,
                            "rate_unit": "kWh",
                            "plan_id": null,
                            "name": null,
                            "plan_details": null,
                            "usage_credits": [
                                {
                                    "min": 0,
                                    "amount": 0,
                                    "max": null
                                }
                            ],
                            "formula": null,
                            "utility_name": "PECO Energy",
                            "supplier_name": "PowerChoice by Pepco Energy Services",
                            "plan_phone": "800-213-7719",
                            "website_url": "www.PowerChoice.com",
                            "plan_type": "Residential Heating Service",
                            "rate": [
                                {
                                    "min": 0,
                                    "max": null,
                                    "amount": 13.87
                                }
                            ],
                            "monthly_charge": null,
                            "rate_type": "variable",
                            "is_fixed": false,
                            "is_variable": true,
                            "term": 1,
                            "green_percentage": 100,
                            "green_details": "100% renewable",
                            "is_green": true,
                            "early_term_fee": null,
                            "early_term_details": null,
                            "original_data": "*Internet Enrollment 100% renewable 13.87 ¢ $69.35 $138.70 $277.40",
                            "description": null,
                            "created_at" : {
                                "month" : 1,
                                "year" : 2006,
                                "day" : 12
                                }  
                        },
                        {
                            "state": "pa",
                            "source": "pa historical",
                            "kwh500": null,
                            "kwh1000": null,
                            "kwh2000": null,
                            "rate_unit": "kWh",
                            "plan_id": null,
                            "name": null,
                            "plan_details": null,
                            "usage_credits": [
                                {
                                    "min": 0,
                                    "amount": 0,
                                    "max": null
                                }
                            ],
                            "formula": null,
                            "utility_name": "PECO Energy",
                            "supplier_name": "PowerChoice by Pepco Energy Services",
                            "plan_phone": "800-213-7719",
                            "website_url": "www.PowerChoice.com",
                            "plan_type": "Residential Heating Service",
                            "rate": [
                                {
                                    "min": 0,
                                    "max": null,
                                    "amount": 13.83
                                }
                            ],
                            "monthly_charge": null,
                            "rate_type": "variable",
                            "is_fixed": false,
                            "is_variable": true,
                            "term": 1,
                            "green_percentage": 51,
                            "green_details": "Wind, 51% renewable",
                            "is_green": false,
                            "early_term_fee": null,
                            "early_term_details": null,
                            "original_data": "*Internet Enrollment Wind, 51% renewable 13.83 ¢ $69.15 $138.30 $276.60",
                            "description": null,
                            "created_at" : {
                                "month" : 1,
                                "year" : 2006,
                                "day" : 12
                                }  
                        },
                        {
                            "state": "pa",
                            "source": "pa historical",
                            "kwh500": null,
                            "kwh1000": null,
                            "kwh2000": null,
                            "rate_unit": "kWh",
                            "plan_id": null,
                            "name": null,
                            "plan_details": null,
                            "usage_credits": [
                                {
                                    "min": 0,
                                    "amount": 0,
                                    "max": null
                                }
                            ],
                            "formula": null,
                            "utility_name": "PECO Energy",
                            "supplier_name": "PowerChoice by Pepco Energy Services",
                            "plan_phone": "800-213-7719",
                            "website_url": "www.PowerChoice.com",
                            "plan_type": "Residential Heating Service",
                            "rate": [
                                {
                                    "min": 0,
                                    "max": null,
                                    "amount": 14.65
                                }
                            ],
                            "monthly_charge": null,
                            "rate_type": "variable",
                            "is_fixed": false,
                            "is_variable": true,
                            "term": 1,
                            "green_percentage": 100,
                            "green_details": "Wind,100% renewable",
                            "is_green": true,
                            "early_term_fee": null,
                            "early_term_details": null,
                            "original_data": "*Internet Enrollment Wind, 100% renewable 14.65 ¢ $73.25 $146.50 $293.00",
                            "description": null,
                            "created_at" : {
                                "month" : 1,
                                "year" : 2006,
                                "day" : 12
                            }  
                        }
                    ]
                }
            }
        }
    },
    {
        "Penelec":{
            "default_rate": [
                {
                    "min": 0,
                    "max": null,
                    "amount": 4.821
                }
            ],
            "suppliers":{
                "Community Energy":{
                    "plans":[
                        {
                            "state": "pa",
                            "source": "pa historical",
                            "kwh500": null,
                            "kwh1000": null,
                            "kwh2000": null,
                            "rate_unit": "kWh",
                            "plan_id": null,
                            "name": null,
                            "plan_details": null,
                            "usage_credits": [
                                {
                                    "min": 0,
                                    "amount": 0,
                                    "max": null
                                }
                            ],
                            "formula": null,
                            "utility_name": "Penelec",
                            "supplier_name": "Community Energy",
                            "plan_phone": "866-WIND-123",
                            "website_url": "www.NewWindEnergy.com",
                            "plan_type": "Regular Residential Service",
                            "rate":[
                                {
                                    "min": 0,
                                    "max": null,
                                    "amount": 7.321
                                }
                            ],
                            "monthly_charge": null,
                            "rate_type": "variable",
                            "is_fixed": false,
                            "is_variable": true,
                            "term": 1,
                            "green_percentage": 100,
                            "green_details": "100% renewable",
                            "is_green": true,
                            "early_term_fee": null,
                            "early_term_details": null,
                            "original_data": "New Wind Energy™ Current supplier charge plus 2.5 ¢ per kWh,100% renewable *You must purchase a minimum of two 100 kWh blocks. This minimum purchase would increase your current generation bill by $5.00 per month. **The price of this service will be added to  your current electric supply Yes",
                            "description": "**The price of this service will be added to  your current electric supply",
                            "created_at" : {
                                "month" : 1,
                                "year" : 2006,
                                "day" : 12
                            }  
                        }
                    ]
                }
            }
        }
    },
    {
        "Penn Power":{
            "default_rate": [
                {
                    "min": 0,
                    "max": null,
                    "amount": 11.69
                }
            ],
            "suppliers":{
                "Community Energy":{
                    "plans":[
                        {
                            "state": "pa",
                            "source": "pa historical",
                            "kwh500": null,
                            "kwh1000": null,
                            "kwh2000": null,
                            "rate_unit": "kWh",
                            "plan_id": null,
                            "name": null,
                            "plan_details": null,
                            "usage_credits": [
                                {
                                    "min": 0,
                                    "amount": 0,
                                    "max": null
                                }
                            ],
                            "formula": null,
                            "utility_name": "Penn Power",
                            "supplier_name": "Community Energy",
                            "plan_phone": "866-WIND-123",
                            "website_url": "www.NewWindEnergy.com",
                            "plan_type": "Regular Residential Service",
                            "rate":[
                                {
                                    "min": 0,
                                    "max": null,
                                    "amount": 14.19
                                }
                            ],
                            "monthly_charge": null,
                            "rate_type": "variable",
                            "is_fixed": false,
                            "is_variable": true,
                            "term": 1,
                            "green_percentage": 100,
                            "green_details": "100% renewable",
                            "is_green": true,
                            "early_term_fee": null,
                            "early_term_details": null,
                            "original_data": "New Wind Energy™ Current supplier charge plus 2.5 ¢ per kWh,or $2.50 for each 100 kWh block* 100% renewable *You must purchase a minimum of two 100 kWh blocks. This minimum purchase would increase your current generation bill by $5.00 per month. **The price of this service will be added to  your current electric supply Yes",
                            "description": "**The price of this service will be added to  your current electric supply",
                            "created_at" : {
                                "month" : 1,
                                "year" : 2006,
                                "day" : 12
                                }  
                        }
                    ]
                }
            }
        }
    },
    {
        "PPL Electric Utilities":{
            "default_rate": [
                {
                    "min": 0,
                    "max": 200,
                    "amount": 6.27
                },
                {
                    "min": 201,
                    "max": 800,
                    "amount": 5.58
                },
                {
                    "min": 801,
                    "max": null,
                    "amount": 5.17
                }
            ],
            "suppliers":{
                "Community Energy":{
                    "plans":[
                        {
                            "state": "pa",
                            "source": "pa historical",
                            "kwh500": null,
                            "kwh1000": null,
                            "kwh2000": null,
                            "rate_unit": "kWh",
                            "plan_id": null,
                            "name": null,
                            "plan_details": null,
                            "usage_credits": [
                                {
                                    "min": 0,
                                    "amount": 0,
                                    "max": null
                                }
                            ],
                            "formula": null,
                            "utility_name": "PPL Electric Utilities",
                            "supplier_name": "Community Energy",
                            "plan_phone": "866-WIND-123",
                            "website_url": "www.NewWindEnergy.com",
                            "plan_type": "Regular Residential Service",
                            "rate":[
                                {
                                    "min": 0,
                                    "max": 200,
                                    "amount": 8.77
                                },
                                {
                                    "min": 201,
                                    "max": 800,
                                    "amount": 8.08
                                },
                                {
                                    "min": 801,
                                    "max": null,
                                    "amount": 7.67
                                }
                            ],
                            "monthly_charge": null,
                            "rate_type": "variable",
                            "is_fixed": false,
                            "is_variable": true,
                            "term": 1,
                            "green_percentage": 100,
                            "green_details": "100% renewable",
                            "is_green": true,
                            "early_term_fee": null,
                            "early_term_details": null,
                            "original_data": "New Wind Energy™ Current supplier charge plus 2.5 ¢ per kWh,or $2.50 for each 100 kWh block* 100% renewable *You must purchase a minimum of two 100 kWh blocks. This minimum purchase would increase your current generation bill by $5.00 per month. **The price of this service will be added to  your current electric supply Yes",
                            "description": "**The price of this service will be added to  your current electric supply",
                            "created_at" : {
                                "month" : 1,
                                "year" : 2006,
                                "day" : 12
                            }  
                        }
                    ]
                }
            }
        }
    },
    {
        "UGI":{
            "default_rate": [
                {
                    "min": 0,
                    "max": 500,
                    "amount": 6.917
                },
                {
                    "min": 501,
                    "max": 1000,
                    "amount": 6.028
                },
                {
                    "min": 1001,
                    "max": null,
                    "amount": 4.708 
                }
            ],
            "suppliers":{
                "Community Energy":{
                    "plans":[
                        {
                            "state": "pa",
                            "source": "pa historical",
                            "kwh500": null,
                            "kwh1000": null,
                            "kwh2000": null,
                            "rate_unit": "kWh",
                            "plan_id": null,
                            "name": null,
                            "plan_details": null,
                            "usage_credits": [
                                {
                                    "min": 0,
                                    "amount": 0,
                                    "max": null
                                }
                            ],
                            "formula": null,
                            "utility_name": "UGI",
                            "supplier_name": "Community Energy",
                            "plan_phone": "866-WIND-123",
                            "website_url": "www.NewWindEnergy.com",
                            "plan_type": "Regular Residential Service",
                            "rate":[
                                {
                                    "min": 0,
                                    "max": 500,
                                    "amount": 9.417
                                },
                                {
                                    "min": 501,
                                    "max": 1000,
                                    "amount": 8.528
                                },
                                {
                                    "min": 1001,
                                    "max": null,
                                    "amount": 7.208
                                }
                            ],
                            "monthly_charge": null,
                            "rate_type": "variable",
                            "is_fixed": false,
                            "is_variable": true,
                            "term": 1,
                            "green_percentage": 100,
                            "green_details": "100% renewable",
                            "is_green": true,
                            "early_term_fee": null,
                            "early_term_details": null,
                            "original_data": "New Wind Energy™ Current supplier charge plus 2.5 ¢ per kWh,or $2.50 for each 100 kWh block* 100% renewable *You must purchase a minimum of two 100 kWh blocks. This minimum purchase would increase your current generation bill by $5.00 per month. **The price of this service will be added to  your current electric supply Yes",
                            "description": "**The price of this service will be added to  your current electric supply",
                            "created_at" : {
                                "month" : 1,
                                "year" : 2006,
                                "day" : 12
                            }  
                        }
                    ]
                }
            }
        }
    }
]