[
    {
        "Allegheny Power": {
            "default_rate": [
                {
                    "min": 0,
                    "max": null,
                    "amount": 5.01
                }
            ],
            "suppliers": {
                "Community Energy":{
                    "plans":[
                        {
                            "state": "pa",
                            "source": "pa historical",
                            "kwh500": null,
                            "kwh1000": null,
                            "kwh2000": null,
                            "rate_unit": "kWh",
                            "plan_id": null,
                            "name": null,
                            "plan_details": null,
                            "usage_credits": [
                                {
                                    "min": 0,
                                    "amount": 0,
                                    "max": null
                                }
                            ],
                            "formula": null,
                            "utility_name": "Allegheny Power",
                            "supplier_name": "Community Energy",
                            "plan_phone": "866-WIND-123",
                            "website_url": "www.NewWindEnergy.com",
                            "plan_type": "Regular Residential Service",
                            "rate":[
                                {
                                    "min": 0,
                                    "max": null,
                                    "amount": 7.51
                                }
                            ],
                            "monthly_charge": null,
                            "rate_type": "variable",
                            "is_fixed": false,
                            "is_variable": true,
                            "term": 1,
                            "green_percentage": 100,
                            "green_details": "100% renewable",
                            "is_green": true,
                            "early_term_fee": null,
                            "early_term_details": null,
                            "original_data": "New Wind Energy™ Current supplier charge plus 2.5 ¢ per kWh, or $2.50 for each 100 kWh block* 100% renewable *You must purchase a minimum of two 100 kWh blocks. This minimum purchase would increase your current generation bill by $5.00 per month. **The price of this service will be added to  your current electric supply Yes",
                            "description": "**The price of this service will be added to  your current electric supply",
                            "created_at" : {
                                "month" : 11,
                                "year" : 2008,
                                "day" : 5
                            }  
                        }
                    ]
                }
            }
        }
    },
    {
        "Met Ed": {
            "default_rate": [
                {
                    "min": 0,
                    "max": null,
                    "amount": 6.57
                }
            ],
            "suppliers": {
                "Community Energy":{
                    "plans":[
                        {
                            "state": "pa",
                            "source": "pa historical",
                            "kwh500": null,
                            "kwh1000": null,
                            "kwh2000": null,
                            "rate_unit": "kWh",
                            "plan_id": null,
                            "name": null,
                            "plan_details": null,
                            "usage_credits": [
                                {
                                    "min": 0,
                                    "amount": 0,
                                    "max": null
                                }
                            ],
                            "formula": null,
                            "utility_name": "Met Ed",
                            "supplier_name": "Community Energy",
                            "plan_phone": "866-WIND-123",
                            "website_url": "www.NewWindEnergy.com",
                            "plan_type": "Regular Residential Service",
                            "rate":[
                                {
                                    "min": 0,
                                    "max": null,
                                    "amount": 9.07
                                }
                            ],
                            "monthly_charge": null,
                            "rate_type": "variable",
                            "is_fixed": false,
                            "is_variable": true,
                            "term": 1,
                            "green_percentage": 100,
                            "green_details": "100% renewable",
                            "is_green": true,
                            "early_term_fee": null,
                            "early_term_details": null,
                            "original_data": "New Wind Energy™ Current supplier charge plus 2.5 ¢ per kWh, or $2.50 for each 100 kWh block* 100% renewable *You must purchase a minimum of two 100 kWh blocks. This minimum purchase would increase your current generation bill by $5.00 per month. **The price of this service will be added to  your current electric supply Yes",
                            "description": "**The price of this service will be added to  your current electric supply",
                            "created_at" : {
                                "month" : 11,
                                "year" : 2008,
                                "day" : 5
                            }  
                        }
                    ]
                }
            }
        }
    },
    {
        "PECO Energy":{
            "default_rate": [
                {      
                    "min":0,
                    "max":null,
                    "amount": 7.14
                }
            ],
            "default_rh_rate":  [
                {
                    "min":0,
                    "max":600,
                    "amount": 7.40
                },
                {
                    "min":601,
                    "max":null,
                    "amount": 4.13
                }
            ],
            "suppliers":{
                "Commerce Energy, Inc.":{
                    "plans":[
                        {
                            "state": "pa",
                            "source": "pa historical",
                            "kwh500": null,
                            "kwh1000": null,
                            "kwh2000": null,
                            "rate_unit": "kWh",
                            "plan_id": null,
                            "name": null,
                            "plan_details": null,
                            "usage_credits": [
                                {
                                    "min": 0,
                                    "amount": 0,
                                    "max": null
                                }
                            ],
                            "formula": null,
                            "utility_name": "PECO Energy",
                            "supplier_name": "Commerce Energy, Inc.",
                            "plan_phone": "1-877-226-5392",
                            "website_url": "www.commerceenergy.com",
                            "plan_type": "Regular Residential Service",
                            "rate": [
                                {
                                    "min": 0,
                                    "max": null,
                                    "amount": 15.37
                                }
                            ],
                            "monthly_charge": [
                                {
                                    "min": 0,
                                    "max": null,
                                    "amount": 278
                                }
                            ],
                            "rate_type": "variable",
                            "is_fixed": false,
                            "is_variable": true,
                            "term": 1,
                            "green_percentage": null,
                            "green_details": null,
                            "is_green": false,
                            "early_term_fee": null,
                            "early_term_details": null,
                            "original_data": "15.37 ¢ * $79.63 $156.48 $310.18 *Plus $2.78 per month Yes",
                            "description": "*Plus $2.78 per month",
                            "created_at" : {
                                "month" : 11,
                                "year" : 2008,
                                "day" : 5
                                }  
                        }
                    ]
                },
                "Community Energy":{
                    "plans":[
                        {
                            "state": "pa",
                            "source": "pa historical",
                            "kwh500": null,
                            "kwh1000": null,
                            "kwh2000": null,
                            "rate_unit": "kWh",
                            "plan_id": null,
                            "name": null,
                            "plan_details": null,
                            "usage_credits": [
                                {
                                    "min": 0,
                                    "amount": 0,
                                    "max": null
                                }
                            ],
                            "formula": null,
                            "utility_name": "PECO Energy",
                            "supplier_name": "Community Energy",
                            "plan_phone": "866-WIND-123",
                            "website_url": "www.NewWindEnergy.com",
                            "plan_type": "Regular Residential Service",
                            "rate":[
                                {      
                                    "min":0,
                                    "max":null,
                                    "amount": 7.14
                                }
                            ],
                            "monthly_charge": null,
                            "rate_type": "variable",
                            "is_fixed": false,
                            "is_variable": true,
                            "term": 1,
                            "green_percentage": 100,
                            "green_details": "100% renewable",
                            "is_green": true,
                            "early_term_fee": null,
                            "early_term_details": null,
                            "original_data": "New Wind Energy™ Current supplier charge plus 2.5 ¢ per kWh, or $2.50 for each 100 kWh block* 100% renewable *You must purchase a minimum of two 100 kWh blocks. This minimum purchase would increase your current generation bill by $5.00 per month. **The price of this service will be added to  your current electric supply Yes",
                            "description": "**The price of this service will be added to  your current electric supply",
                            "created_at" : {
                                "month" : 11,
                                "year" : 2008,
                                "day" : 5
                                }  
                        },
                        {
                            "state": "pa",
                            "source": "pa historical",
                            "kwh500": null,
                            "kwh1000": null,
                            "kwh2000": null,
                            "rate_unit": "kWh",
                            "plan_id": null,
                            "name": null,
                            "plan_details": null,
                            "usage_credits": [
                                {
                                    "min": 0,
                                    "amount": 0,
                                    "max": null
                                }
                            ],
                            "formula": null,
                            "utility_name": "PECO Energy",
                            "supplier_name": "Community Energy",
                            "plan_phone": "866-WIND-123",
                            "website_url": "www.NewWindEnergy.com",
                            "plan_type": "Residential Heating Service",
                            "rate":[
                                {
                                    "min":0,
                                    "max":600,
                                    "amount": 9.9
                                },
                                {
                                    "min":601,
                                    "max":null,
                                    "amount": 6.63
                                }
                            ],
                            "monthly_charge": null,
                            "rate_type": "variable",
                            "is_fixed": false,
                            "is_variable": true,
                            "term": 1,
                            "green_percentage": 100,
                            "green_details": "100% renewable",
                            "is_green": true,
                            "early_term_fee": null,
                            "early_term_details": null,
                            "original_data": "New Wind Energy™ Current supplier charge plus 2.5 ¢ per kWh, or $2.50 for each 100 kWh block* 100% renewable *You must purchase a minimum of two 100 kWh blocks. This minimum purchase would increase your current generation bill by $5.00 per month. **The price of this service will be added to  your current electric supply Yes",
                            "description": "**The price of this service will be added to  your current electric supply",
                            "created_at" : {
                                "month" : 11,
                                "year" : 2008,
                                "day" : 5
                                }  
                        }
                    ]
                },
                "Energy Cooperative Association of Pennsylvania":{
                    "plans":[
                        {
                            "state": "pa",
                            "source": "pa historical",
                            "kwh500": null,
                            "kwh1000": null,
                            "kwh2000": null,
                            "rate_unit": "kWh",
                            "plan_id": null,
                            "name": null,
                            "plan_details": null,
                            "usage_credits": [
                                {
                                    "min": 0,
                                    "amount": 0,
                                    "max": null
                                }
                            ],
                            "formula": null,
                            "utility_name": "PECO Energy",
                            "supplier_name": "The Energy Co-op",
                            "plan_phone": "800-223-5783 or 215-413-2122",
                            "website_url": "www.theenergy.coop",
                            "plan_type": "Regular Residential Service",
                            "rate": [
                                {
                                    "min": 0,
                                    "max": null,
                                    "amount": 16.20
                                }
                            ],
                            "monthly_charge": null,
                            "rate_type": "variable",
                            "is_fixed": false,
                            "is_variable": true,
                            "term": 1,
                            "green_percentage": 100,
                            "green_details": "100% renewable",
                            "is_green": true,
                            "early_term_fee": null,
                            "early_term_details": null,
                            "original_data": " EcoChoice 16.20 ¢ $81.00 $162.00 $324.00 (100% renewable) ",
                            "description": null,
                            "created_at" : {
                                "month" : 11,
                                "year" : 2008,
                                "day" : 5
                                }  
                        },
                        {
                            "state": "pa",
                            "source": "pa historical",
                            "kwh500": null,
                            "kwh1000": null,
                            "kwh2000": null,
                            "rate_unit": "kWh",
                            "plan_id": null,
                            "name": null,
                            "plan_details": null,
                            "usage_credits": [
                                {
                                    "min": 0,
                                    "amount": 0,
                                    "max": null
                                }
                            ],
                            "formula": null,
                            "utility_name": "PECO Energy",
                            "supplier_name": "The Energy Co-op",
                            "plan_phone": "800-223-5783 or 215-413-2122",
                            "website_url": "www.theenergy.coop",
                            "plan_type": "Residential Heating Service",
                            "rate": [
                                {
                                    "min": 0,
                                    "max": null,
                                    "amount": 16.20
                                }
                            ],
                            "monthly_charge": null,
                            "rate_type": "variable",
                            "is_fixed": false,
                            "is_variable": true,
                            "term": 1,
                            "green_percentage": 100,
                            "green_details": "100% renewable",
                            "is_green": true,
                            "early_term_fee": null,
                            "early_term_details": null,
                            "original_data": "EcoChoice 16.20 ¢ $81.00 $162.00 $324.00 (100% renewable) ",
                            "description": null,
                            "created_at" : {
                                "month" : 11,
                                "year" : 2008,
                                "day" : 5
                            }  
                        }
                    ]
                }
            }
        }
    },
    {
        "Penelec":{
            "default_rate": [
                {
                    "min": 0,
                    "max": null,
                    "amount": 5.50
                }
            ],
            "suppliers":{
                "Community Energy":{
                    "plans":[
                        {
                            "state": "pa",
                            "source": "pa historical",
                            "kwh500": null,
                            "kwh1000": null,
                            "kwh2000": null,
                            "rate_unit": "kWh",
                            "plan_id": null,
                            "name": null,
                            "plan_details": null,
                            "usage_credits": [
                                {
                                    "min": 0,
                                    "amount": 0,
                                    "max": null
                                }
                            ],
                            "formula": null,
                            "utility_name": "Penelec",
                            "supplier_name": "Community Energy",
                            "plan_phone": "866-WIND-123",
                            "website_url": "www.NewWindEnergy.com",
                            "plan_type": "Regular Residential Service",
                            "rate":[
                                {
                                    "min": 0,
                                    "max": null,
                                    "amount": 8.0
                                }
                            ],
                            "monthly_charge": null,
                            "rate_type": "variable",
                            "is_fixed": false,
                            "is_variable": true,
                            "term": 1,
                            "green_percentage": 100,
                            "green_details": "100% renewable",
                            "is_green": true,
                            "early_term_fee": null,
                            "early_term_details": null,
                            "original_data": "New Wind Energy™ Current supplier charge plus 2.5 ¢ per kWh,100% renewable *You must purchase a minimum of two 100 kWh blocks. This minimum purchase would increase your current generation bill by $5.00 per month. **The price of this service will be added to  your current electric supply Yes",
                            "description": "**The price of this service will be added to  your current electric supply",
                            "created_at" : {
                                "month" : 11,
                                "year" : 2008,
                                "day" : 5
                            }  
                        }
                    ]
                }
            }
        }
    },
    {
        "Penn Power":{
            "default_rate_without_demand_meter": [
                {
                    "min": 0,
                    "max": null,
                    "amount": 12.32
                }
            ],
            "default_rate with_demand_meter": [
                {
                    "min": 0,
                    "max": 125,
                    "amount": 12.32 
                },
                {
                    "min": 126,
                    "max": null,
                    "amount":  5.16
                }
            ],
            "default_rh_rate": [
                {
                    "min": 0,
                    "max": null,
                    "amount": 5.41
                }
            ],
            "suppliers":{
                "Dominion Peoples Plus": {
                    "plans": [
                        {
                            "state": "pa",
                            "source": "pa historical",
                            "kwh500": null,
                            "kwh1000": null,
                            "kwh2000": null,
                            "rate_unit": "kWh",
                            "plan_id": null,
                            "name": null,
                            "plan_details": null,
                            "usage_credits": [
                                {
                                    "min": 0,
                                    "amount": 0,
                                    "max": null
                                }
                            ],
                            "formula": null,
                            "utility_name": "Penn Power",
                            "supplier_name": "Dominion Peoples Plus",
                            "plan_phone": "1-877-796-0959",
                            "website_url": "www.dom.com/products",
                            "plan_type": "Regular Residential Service without Demand Meter",
                            "rate": [
                                {
                                    "min": 0,
                                    "max": null,
                                    "amount": 9.85  
                                }
                            ],
                            "monthly_charge": null,
                            "rate_type": "fixed",
                            "is_fixed": true,
                            "is_variable": false,
                            "term": 19,
                            "green_percentage": null,
                            "green_details": null,
                            "is_green": false,
                            "early_term_fee": null,
                            "early_term_details": null,
                            "original_data": "Fixed price through May 2010 9.85 ¢ $49.25 $98.50 $197.00",
                            "description": null,
                            "created_at" : {
                                "month" : 11,
                                "year" : 2008,
                                "day" : 5
                                } 
                        },
                        {
                            "state": "pa",
                            "source": "pa historical",
                            "kwh500": null,
                            "kwh1000": null,
                            "kwh2000": null,
                            "rate_unit": "kWh",
                            "plan_id": null,
                            "name": null,
                            "plan_details": null,
                            "usage_credits": [
                                {
                                    "min": 0,
                                    "amount": 0,
                                    "max": null
                                }
                            ],
                            "formula": null,
                            "utility_name": "Penn Power",
                            "supplier_name": "Dominion Peoples Plus",
                            "plan_phone": "1-877-796-0959",
                            "website_url": "www.dom.com/products",
                            "plan_type": "Regular Residential Service with Demand Meter",
                            "rate": [
                                {
                                    "min": 0,
                                    "max": null,
                                    "amount": 9.85
                                }
                            ],
                            "monthly_charge": null,
                            "rate_type": "fixed",
                            "is_fixed": true,
                            "is_variable": false,
                            "term": 19,
                            "green_percentage": null,
                            "green_details": null,
                            "is_green": false,
                            "early_term_fee": null,
                            "early_term_details": null,
                            "original_data": "Fixed price through May 2010 9.85 ¢ $49.25 $98.50 $197.00",
                            "description": null,
                            "created_at" : {
                                "month" : 11,
                                "year" : 2008,
                                "day" : 5
                                } 
                        }
                    ]
                },
                "FirstEnergy Solutions": {
                    "plans": [
                        {
                            "state": "pa",
                            "source": "pa historical",
                            "kwh500": null,
                            "kwh1000": null,
                            "kwh2000": null,
                            "rate_unit": "kWh",
                            "plan_id": null,
                            "name": null,
                            "plan_details": null,
                            "usage_credits": [
                                {
                                    "min": 0,
                                    "amount": 0,
                                    "max": null
                                }
                            ],
                            "formula": null,
                            "utility_name": "Penn Power",
                            "supplier_name": "FirstEnergy Solutions",
                            "plan_phone": "1-800-774-5588",
                            "website_url": "www.fes.com",
                            "plan_type": "Regular Residential Service without Demand Meter",
                            "rate": [
                                {
                                    "min": 0,
                                    "max": null,
                                    "amount": 9.85 
                                }
                            ],
                            "monthly_charge": null,
                            "rate_type": "fixed",
                            "is_fixed": true,
                            "is_variable": false,
                            "term": 19,
                            "green_percentage": null,
                            "green_details": null,
                            "is_green": false,
                            "early_term_fee": null,
                            "early_term_details": null,
                            "original_data": "Fixed price through May 2010 9.85 ¢ $49.25 $98.50 $197.00",
                            "description": null,
                            "created_at" : {
                                "month" : 11,
                                "year" : 2008,
                                "day" : 5
                            } 
                        },
                        {
                            "state": "pa",
                            "source": "pa historical",
                            "kwh500": null,
                            "kwh1000": null,
                            "kwh2000": null,
                            "rate_unit": "kWh",
                            "plan_id": null,
                            "name": null,
                            "plan_details": null,
                            "usage_credits": [
                                {
                                    "min": 0,
                                    "amount": 0,
                                    "max": null
                                }
                            ],
                            "formula": null,
                            "utility_name": "Penn Power",
                            "supplier_name": "FirstEnergy Solutions",
                            "plan_phone": "1-800-774-5588",
                            "website_url": "www.fes.com",
                            "plan_type": "Rate RS with Demand Meter",
                            "rate": [
                                {
                                    "min": 0,
                                    "max": null,
                                    "amount": 9.85
                                }
                            ],
                            "monthly_charge": null,
                            "rate_type": "fixed",
                            "is_fixed": true,
                            "is_variable": false,
                            "term": 19,
                            "green_percentage": null,
                            "green_details": null,
                            "is_green": false,
                            "early_term_fee": null,
                            "early_term_details": null,
                            "original_data": "Fixed price through May 2010 9.85 ¢ $49.25 $98.50 $197.00",
                            "description": null,
                            "created_at" : {
                                "month" : 11,
                                "year" : 2008,
                                "day" : 5
                            } 
                        }
                    ]
                },
                "Community Energy":{
                    "plans":[
                        {
                            "state": "pa",
                            "source": "pa historical",
                            "kwh500": null,
                            "kwh1000": null,
                            "kwh2000": null,
                            "rate_unit": "kWh",
                            "plan_id": null,
                            "name": null,
                            "plan_details": null,
                            "usage_credits": [
                                {
                                    "min": 0,
                                    "amount": 0,
                                    "max": null
                                }
                            ],
                            "formula": null,
                            "utility_name": "Penn Power",
                            "supplier_name": "Community Energy",
                            "plan_phone": "866-WIND-123",
                            "website_url": "www.NewWindEnergy.com",
                            "plan_type": "Regular Residential Service without Demand Meter",
                            "rate":[
                                {
                                    "min": 0,
                                    "max": null,
                                    "amount": 14.82
                                }
                            ],
                            "monthly_charge": null,
                            "rate_type": "variable",
                            "is_fixed": false,
                            "is_variable": true,
                            "term": 1,
                            "green_percentage": 100,
                            "green_details": "100% renewable",
                            "is_green": true,
                            "early_term_fee": null,
                            "early_term_details": null,
                            "original_data": "New Wind Energy™ Current supplier charge plus 2.5 ¢ per kWh,or $2.50 for each 100 kWh block* 100% renewable *You must purchase a minimum of two 100 kWh blocks. This minimum purchase would increase your current generation bill by $5.00 per month. **The price of this service will be added to  your current electric supply Yes",
                            "description": "**The price of this service will be added to  your current electric supply",
                            "created_at" : {
                                "month" : 11,
                                "year" : 2008,
                                "day" : 5
                                }  
                        },
                        {
                            "state": "pa",
                            "source": "pa historical",
                            "kwh500": null,
                            "kwh1000": null,
                            "kwh2000": null,
                            "rate_unit": "kWh",
                            "plan_id": null,
                            "name": null,
                            "plan_details": null,
                            "usage_credits": [
                                {
                                    "min": 0,
                                    "amount": 0,
                                    "max": null
                                }
                            ],
                            "formula": null,
                            "utility_name": "Penn Power",
                            "supplier_name": "Community Energy",
                            "plan_phone": "866-WIND-123",
                            "website_url": "www.NewWindEnergy.com",
                            "plan_type": "Regular Residential Service with Demand Meter",
                            "rate":[
                                {
                                    "min": 0,
                                    "max": 125,
                                    "amount": 14.82
                                },
                                {
                                    "min": 126,
                                    "max": null,
                                    "amount": 7.66
                                }
                            ],
                            "monthly_charge": null,
                            "rate_type": "variable",
                            "is_fixed": false,
                            "is_variable": true,
                            "term": 1,
                            "green_percentage": 100,
                            "green_details": "100% renewable",
                            "is_green": true,
                            "early_term_fee": null,
                            "early_term_details": null,
                            "original_data": "New Wind Energy™ Current supplier charge plus 2.5 ¢ per kWh,or $2.50 for each 100 kWh block* 100% renewable *You must purchase a minimum of two 100 kWh blocks. This minimum purchase would increase your current generation bill by $5.00 per month. **The price of this service will be added to  your current electric supply Yes",
                            "description": "**The price of this service will be added to  your current electric supply",
                            "created_at" : {
                                "month" : 11,
                                "year" : 2008,
                                "day" : 5
                                }  
                        },
                        {
                            "state": "pa",
                            "source": "pa historical",
                            "kwh500": null,
                            "kwh1000": null,
                            "kwh2000": null,
                            "rate_unit": "kWh",
                            "plan_id": null,
                            "name": null,
                            "plan_details": null,
                            "usage_credits": [
                                {
                                    "min": 0,
                                    "amount": 0,
                                    "max": null
                                }
                            ],
                            "formula": null,
                            "utility_name": "Penn Power",
                            "supplier_name": "Community Energy",
                            "plan_phone": "866-WIND-123",
                            "website_url": "www.NewWindEnergy.com",
                            "plan_type": "Residential Heating Service",
                            "rate":[
                                {
                                    "min": 0,
                                    "max": null,
                                    "amount": 7.91
                                }
                            ],
                            "monthly_charge": null,
                            "rate_type": "variable",
                            "is_fixed": false,
                            "is_variable": true,
                            "term": 1,
                            "green_percentage": 100,
                            "green_details": "100% renewable",
                            "is_green": true,
                            "early_term_fee": null,
                            "early_term_details": null,
                            "original_data": "New Wind Energy™ Current supplier charge plus 2.5 ¢ per kWh,or $2.50 for each 100 kWh block* 100% renewable *You must purchase a minimum of two 100 kWh blocks. This minimum purchase would increase your current generation bill by $5.00 per month. **The price of this service will be added to  your current electric supply Yes",
                            "description": "**The price of this service will be added to  your current electric supply",
                            "created_at" : {
                                "month" : 11,
                                "year" : 2008,
                                "day" : 5
                            }  
                        }
                    ]
                }
            }
        }
    },
    {
        "Pike County Light & Power":{
            "default_rate": [
                {
                    "min": 0,
                    "max": null,
                    "amount": 10.41
                }
            ],
            "suppliers":{
                "Con Edison Solutions":{
                    "plans":[
                        {
                            "state": "pa",
                            "source": "pa historical",
                            "kwh500": null,
                            "kwh1000": null,
                            "kwh2000": null,
                            "rate_unit": "kWh",
                            "plan_id": null,
                            "name": null,
                            "plan_details": null,
                            "usage_credits": [
                                {
                                    "min": 0,
                                    "amount": 0,
                                    "max": null
                                }
                            ],
                            "formula": null,
                            "utility_name": "Pike County Light & Power",
                            "supplier_name": "Con Ed Solutions",
                            "plan_phone": "1-866-842-8166",
                            "website_url": "www.conedsolutions.com",
                            "plan_type": "Regular Residential Service",
                            "rate": [
                                {
                                    "min": 0,
                                    "max": null,
                                    "amount": 10.90
                                }
                            ],
                            "monthly_charge": null,
                            "rate_type": "fixed",
                            "is_fixed": true,
                            "is_variable":false,
                            "term": 12,
                            "green_percentage": null,
                            "green_details": null,
                            "is_green": false,
                            "early_term_fee": null,
                            "early_term_details": null,
                            "original_data": "Fixed price for 12 months 10.90 ¢ $54.50 $109.00 $218.00" ,
                            "description": null,
                            "created_at" : {
                                "month" : 11,
                                "year" : 2008,
                                "day" : 5
                                }
                        }
                    ]
                },
                "Direct Energy Aggregation Program":{
                    "plans":[
                        {
                            "state": "pa",
                            "source": "pa historical",
                            "kwh500": null,
                            "kwh1000": null,
                            "kwh2000": null,
                            "rate_unit": "kWh",
                            "plan_id": null,
                            "name": null,
                            "plan_details": null,
                            "usage_credits": [
                                {
                                    "min": 0,
                                    "amount": 0,
                                    "max": null
                                }
                            ],
                            "formula": null,
                            "utility_name": "Pike County Light & Power",
                            "supplier_name": "Direct Energy Aggregation Program",
                            "plan_phone": "1-866-760-6040",
                            "website_url": "www.directenergy.com",
                            "plan_type": "Regular Residential Service",
                            "rate": [
                                {
                                    "min": 0,
                                    "max": null,
                                    "amount": 11.90
                                }
                            ],
                            "monthly_charge": null,
                            "rate_type": "fixed",
                            "is_fixed": true,
                            "is_variable":false,
                            "term": 17,
                            "green_percentage": null,
                            "green_details": null,
                            "is_green": false,
                            "early_term_fee": null,
                            "early_term_details": null,
                            "original_data": "Fixed price from 1/08 through 5/09 ** 11.90 ¢ $59.50 $119.00 $238.00" ,
                            "description": null,
                            "created_at" : {
                                "month" : 11,
                                "year" : 2008,
                                "day" : 5
                                }
                        }
                    ]
                }
            }
        }
    },
    {
        "PPL Electric Utilities":{
            "default_rate": [
                {
                    "min": 0,
                    "max": 200,
                    "amount": 6.57
                },
                {
                    "min": 201,
                    "max": 800,
                    "amount": 5.86
                },
                {
                    "min": 801,
                    "max": null,
                    "amount": 5.44
                }
            ],
            "suppliers":{
                "Community Energy":{
                    "plans":[
                        {
                            "state": "pa",
                            "source": "pa historical",
                            "kwh500": null,
                            "kwh1000": null,
                            "kwh2000": null,
                            "rate_unit": "kWh",
                            "plan_id": null,
                            "name": null,
                            "plan_details": null,
                            "usage_credits": [
                                {
                                    "min": 0,
                                    "amount": 0,
                                    "max": null
                                }
                            ],
                            "formula": null,
                            "utility_name": "PPL Electric Utilities",
                            "supplier_name": "Community Energy",
                            "plan_phone": "866-WIND-123",
                            "website_url": "www.NewWindEnergy.com",
                            "plan_type": "Regular Residential Service",
                            "rate":[
                                {
                                    "min": 0,
                                    "max": 200,
                                    "amount": 9.07
                                },
                                {
                                    "min": 201,
                                    "max": 800,
                                    "amount": 8.36
                                },
                                {
                                    "min": 801,
                                    "max": null,
                                    "amount": 7.94
                                }
                            ],
                            "monthly_charge": null,
                            "rate_type": "variable",
                            "is_fixed": false,
                            "is_variable": true,
                            "term": 1,
                            "green_percentage": 100,
                            "green_details": "100% renewable",
                            "is_green": true,
                            "early_term_fee": null,
                            "early_term_details": null,
                            "original_data": "New Wind Energy™ Current supplier charge plus 2.5 ¢ per kWh,or $2.50 for each 100 kWh block* 100% renewable *You must purchase a minimum of two 100 kWh blocks. This minimum purchase would increase your current generation bill by $5.00 per month. **The price of this service will be added to  your current electric supply Yes",
                            "description": "**The price of this service will be added to  your current electric supply",
                            "created_at" : {
                                "month" : 11,
                                "year" : 2008,
                                "day" : 5
                            }  
                        }
                    ]
                }
            }
        }
    },
    {
        "UGI":{
            "default_rate": [
                {
                    "min": 0,
                    "max": 500,
                    "amount": 11.30
                },
                {
                    "min": 501,
                    "max": 1000,
                    "amount": 10.55 
                },
                {
                    "min": 1001,
                    "max": null,
                    "amount": 8.28
                }
            ],
            "suppliers":{
                "Community Energy":{
                    "plans":[
                        {
                            "state": "pa",
                            "source": "pa historical",
                            "kwh500": null,
                            "kwh1000": null,
                            "kwh2000": null,
                            "rate_unit": "kWh",
                            "plan_id": null,
                            "name": null,
                            "plan_details": null,
                            "usage_credits": [
                                {
                                    "min": 0,
                                    "amount": 0,
                                    "max": null
                                }
                            ],
                            "formula": null,
                            "utility_name": "UGI",
                            "supplier_name": "Community Energy",
                            "plan_phone": "866-WIND-123",
                            "website_url": "www.NewWindEnergy.com",
                            "plan_type": "Regular Residential Service",
                            "rate":[
                                {
                                    "min": 0,
                                    "max": 500,
                                    "amount": 13.8
                                },
                                {
                                    "min": 501,
                                    "max": 1000,
                                    "amount": 13.05
                                },
                                {
                                    "min": 1001,
                                    "max": null,
                                    "amount": 10.78
                                }
                            ],
                            "monthly_charge": null,
                            "rate_type": "variable",
                            "is_fixed": false,
                            "is_variable": true,
                            "term": 1,
                            "green_percentage": 100,
                            "green_details": "100% renewable",
                            "is_green": true,
                            "early_term_fee": null,
                            "early_term_details": null,
                            "original_data": "New Wind Energy™ Current supplier charge plus 2.5 ¢ per kWh,or $2.50 for each 100 kWh block* 100% renewable *You must purchase a minimum of two 100 kWh blocks. This minimum purchase would increase your current generation bill by $5.00 per month. **The price of this service will be added to  your current electric supply Yes",
                            "description": "**The price of this service will be added to  your current electric supply",
                            "created_at" : {
                                "month" : 11,
                                "year" : 2008,
                                "day" : 5
                            }  
                        }
                    ]
                }
            }
        }
    }
]