id,name,utility_id
1,FirstEnergy,1
2,Green Mountain Energy,1
3,Penn Power,1
4,Worley & Obetz,1
5,Advanced Energy,1
6,Electricity Choice,1
7,Utility.com,1
8,"ACN Energy, Inc",1
9,DTE Energy,1
10,Online Choice,1
11,Dominion Peoples,1
12,Peoples Plus,1
13,Community Energy,1
14,PPL Energy,1
15,Palmco Power PA,1
16,Direct Energy,2
17,Dominion Energy,2
18,Energy Plus Holdings,2
19,TriEagle Energy,2
20,Viridian Energy,2
21,Reliant Energy,2
22,Ambit Energy,2
23,IGS Energy,2
24,Respond Power,2
25,Stream Energy,2
26,BlueStar Energy Solutions,1
27,North American Power,2
28,Public Power,2
29,Sperian Energy,2
30,"Energetix, Inc",2
31,Just Energy,2
32,Verde Energy,2
33,Bounce Energy,2
34,ResCom Energy,2
35,Con Edison Solutions,2
36,AEP Energy,2
37,Constellation Energy,2
38,Ethical Electric,2
39,American Power & Gas of PA,2
40,NRG Energy,2
41,Oasis Energy,2
42,YEP Energy,2
43,Clean Choice Energy,2
44,FirstEnergy Solutions,2
45,Palmco Power,2
46,Verde Energy USA,2
47,American Power & Gas,3
48,Amerigreen Energy,3
49,Shipley Energy,3
50,Washington Gas Energy Services,3
51,Champion Energy,4
52,Clean Currents,4
53,Discount Power,4
54,Energy Cooperative,4
55,Gateway Energy,4
56,NRG Residential Solutions,4
57,Park Power,4
58,Spark Energy,4
59,Superior Energy Services,4
60,Clearview Energy,4
61,Pennsylvania Gas & Electric,7
62,SFE Energy,9
63,WGL Energy,5
64,Bargain Energy,4
65,Energy Rewards,5
66,Talen Energy,5
67,Town Square Energy,9
68,Eligo Energy,8
69,Cirro Energy,5
70,Think Energy,5
71,Titan GNP,5
72,Blue Rock Energy,5
73,Agway Energy,5
74,Indra Energy,5
75,Nittany Energy,9
76,MidAmerican Energy,9
77,Smart Energy,9
78,Better Buy Energy,9
79,Brighten Energy,9
80,Agera Energy,9
81,APG&E,9
82,Energy.me,9
83,IDT Energy,9
84,NextEra Energy,9
85,Planet Energy,9
86,Residents Energy,9
87,Tomorrow Energy,9
88,Star Energy,9
89,Dynegy,9
90,Liberty Power,9
91,Astral Energy,9
92,NTHERM,9
93,New Wave Energy,9
94,Rate Energy,9
95,Vista Energy,9
96,Inspire Energy,9
97,MPower Energy,9
98,Starion Energy,2
99,Frontier Utilities,2
100,National Gas & Electric,2
101,Great American Power,2
102,Sunwave GNP,3
103,Entrust Energy,8
104,RPA Energy,8
105,Rushmore Energy,8
106,Power Vine Energy,8
107,Spring Power,8
108,Santanna Energy,4
109,Achieve Energy,9
110,Energy Harbor,9
111,Clean Sky Energy,9
112,Sunrise Power,2
113,Nordic Energy,9
114,Major Energy,4
