[
	{
		"_id": { "$oid": "5e4643a26adeea4bd25880ef" },
		"state": "pa",
		"name": "ppl",
		"rate_type": "Generation+Transmission",
		"default_rate": [
			{
				"rate": [{ "min": 0, "max": null, "amount": 5.56 }],
				"source": "https://www.pplelectric.com/-/media/PPLElectric/At-Your-Service/Docs/General-Supplier-Reference-Information/2018/PTC_History-Update.pdf?la=en",
				"created_at": {
					"day": 23,
					"month": 1,
					"year": 2020,
					"timestamp": 1.5797854329279e9
				},
				"start_date": { "day": 1, "month": 1, "year": 2006 },
				"end_date": { "day": 31, "month": 12, "year": 2006 },
				"supercedes": null,
				"reference_id": "ppl_c1ef964b-dcaa-47e7-804e-ca8bb873f967"
			},
			{
				"rate": [{ "min": 0, "max": null, "amount": 5.58 }],
				"source": "https://www.pplelectric.com/-/media/PPLElectric/At-Your-Service/Docs/General-Supplier-Reference-Information/2018/PTC_History-Update.pdf?la=en",
				"created_at": {
					"day": 23,
					"month": 1,
					"year": 2020,
					"timestamp": 1.57978543336034e9
				},
				"start_date": { "day": 1, "month": 1, "year": 2007 },
				"end_date": { "day": 31, "month": 12, "year": 2007 },
				"supercedes": "ppl_c1ef964b-dcaa-47e7-804e-ca8bb873f967",
				"reference_id": "ppl_4a719ba9-8b6f-4b10-ba5f-d0a4dd7474ea"
			},
			{
				"rate": [{ "min": 0, "max": null, "amount": 5.85 }],
				"source": "https://www.pplelectric.com/-/media/PPLElectric/At-Your-Service/Docs/General-Supplier-Reference-Information/2018/PTC_History-Update.pdf?la=en",
				"created_at": {
					"day": 23,
					"month": 1,
					"year": 2020,
					"timestamp": 1.57978543379413e9
				},
				"start_date": { "day": 1, "month": 1, "year": 2008 },
				"end_date": { "day": 31, "month": 12, "year": 2008 },
				"supercedes": "ppl_4a719ba9-8b6f-4b10-ba5f-d0a4dd7474ea",
				"reference_id": "ppl_1956f43a-829f-4e25-b1b7-7dd3865bf496"
			},
			{
				"rate": [{ "min": 0, "max": null, "amount": 5.95 }],
				"source": "https://www.pplelectric.com/-/media/PPLElectric/At-Your-Service/Docs/General-Supplier-Reference-Information/2018/PTC_History-Update.pdf?la=en",
				"created_at": {
					"day": 23,
					"month": 1,
					"year": 2020,
					"timestamp": 1.57978543422534e9
				},
				"start_date": { "day": 1, "month": 1, "year": 2009 },
				"end_date": { "day": 31, "month": 12, "year": 2009 },
				"supercedes": "ppl_1956f43a-829f-4e25-b1b7-7dd3865bf496",
				"reference_id": "ppl_5676c29c-3c24-421e-af5f-8416a6cc71c7"
			},
			{
				"rate": [{ "min": 0, "max": null, "amount": 10.448 }],
				"source": "https://www.pplelectric.com/-/media/PPLElectric/At-Your-Service/Docs/General-Supplier-Reference-Information/2018/PTC_History-Update.pdf?la=en",
				"created_at": {
					"day": 23,
					"month": 1,
					"year": 2020,
					"timestamp": 1.57978543465904e9
				},
				"start_date": { "day": 1, "month": 1, "year": 2010 },
				"end_date": { "day": 31, "month": 12, "year": 2010 },
				"supercedes": "ppl_5676c29c-3c24-421e-af5f-8416a6cc71c7",
				"reference_id": "ppl_3d7239ad-a690-464d-a204-85b22521a0dc"
			},
			{
				"rate": [{ "min": 0, "max": null, "amount": 9.27 }],
				"source": "https://www.pplelectric.com/-/media/PPLElectric/At-Your-Service/Docs/General-Supplier-Reference-Information/2018/PTC_History-Update.pdf?la=en",
				"created_at": {
					"day": 23,
					"month": 1,
					"year": 2020,
					"timestamp": 1.5797854350926e9
				},
				"start_date": { "day": 1, "month": 1, "year": 2011 },
				"end_date": { "day": 31, "month": 5, "year": 2011 },
				"supercedes": "ppl_3d7239ad-a690-464d-a204-85b22521a0dc",
				"reference_id": "ppl_d06aa51c-78f0-4bc5-917a-d070d979e742"
			},
			{
				"rate": [{ "min": 0, "max": null, "amount": 8.774 }],
				"source": "https://www.pplelectric.com/-/media/PPLElectric/At-Your-Service/Docs/General-Supplier-Reference-Information/2018/PTC_History-Update.pdf?la=en",
				"created_at": {
					"day": 23,
					"month": 1,
					"year": 2020,
					"timestamp": 1.57978543552636e9
				},
				"start_date": { "day": 1, "month": 6, "year": 2011 },
				"end_date": { "day": 31, "month": 8, "year": 2011 },
				"supercedes": "ppl_d06aa51c-78f0-4bc5-917a-d070d979e742",
				"reference_id": "ppl_e8dfd1fb-f1ac-4a92-a908-08dd36625221"
			},
			{
				"rate": [{ "min": 0, "max": null, "amount": 8.411 }],
				"source": "https://www.pplelectric.com/-/media/PPLElectric/At-Your-Service/Docs/General-Supplier-Reference-Information/2018/PTC_History-Update.pdf?la=en",
				"created_at": {
					"day": 23,
					"month": 1,
					"year": 2020,
					"timestamp": 1.57978543596026e9
				},
				"start_date": { "day": 1, "month": 9, "year": 2011 },
				"end_date": { "day": 30, "month": 10, "year": 2011 },
				"supercedes": "ppl_e8dfd1fb-f1ac-4a92-a908-08dd36625221",
				"reference_id": "ppl_c448ac09-be68-4ef4-922b-193727755b0f"
			},
			{
				"rate": [{ "min": 0, "max": null, "amount": 7.769 }],
				"source": "https://www.pplelectric.com/-/media/PPLElectric/At-Your-Service/Docs/General-Supplier-Reference-Information/2018/PTC_History-Update.pdf?la=en",
				"created_at": {
					"day": 23,
					"month": 1,
					"year": 2020,
					"timestamp": 1.57978543639381e9
				},
				"start_date": { "day": 1, "month": 11, "year": 2011 },
				"end_date": { "day": 29, "month": 2, "year": 2012 },
				"supercedes": "ppl_c448ac09-be68-4ef4-922b-193727755b0f",
				"reference_id": "ppl_f5232ae1-fc41-48de-86a4-c57ca0a5b6f6"
			},
			{
				"rate": [{ "min": 0, "max": null, "amount": 6.935 }],
				"source": "https://www.pplelectric.com/-/media/PPLElectric/At-Your-Service/Docs/General-Supplier-Reference-Information/2018/PTC_History-Update.pdf?la=en",
				"created_at": {
					"day": 23,
					"month": 1,
					"year": 2020,
					"timestamp": 1.5797854368292e9
				},
				"start_date": { "day": 1, "month": 3, "year": 2012 },
				"end_date": { "day": 31, "month": 5, "year": 2012 },
				"supercedes": "ppl_f5232ae1-fc41-48de-86a4-c57ca0a5b6f6",
				"reference_id": "ppl_e4b99f94-73f3-4dbe-b118-5f8f8b43be4b"
			},
			{
				"rate": [{ "min": 0, "max": null, "amount": 7.993 }],
				"source": "https://www.pplelectric.com/-/media/PPLElectric/At-Your-Service/Docs/General-Supplier-Reference-Information/2018/PTC_History-Update.pdf?la=en",
				"created_at": {
					"day": 23,
					"month": 1,
					"year": 2020,
					"timestamp": 1.57978543726382e9
				},
				"start_date": { "day": 1, "month": 6, "year": 2012 },
				"end_date": { "day": 31, "month": 8, "year": 2012 },
				"supercedes": "ppl_e4b99f94-73f3-4dbe-b118-5f8f8b43be4b",
				"reference_id": "ppl_6ddbbbbc-7476-43ee-b2c2-68d29ed656a5"
			},
			{
				"rate": [{ "min": 0, "max": null, "amount": 7.907 }],
				"source": "https://www.pplelectric.com/-/media/PPLElectric/At-Your-Service/Docs/General-Supplier-Reference-Information/2018/PTC_History-Update.pdf?la=en",
				"created_at": {
					"day": 23,
					"month": 1,
					"year": 2020,
					"timestamp": 1.57978543769782e9
				},
				"start_date": { "day": 1, "month": 9, "year": 2012 },
				"end_date": { "day": 30, "month": 11, "year": 2012 },
				"supercedes": "ppl_6ddbbbbc-7476-43ee-b2c2-68d29ed656a5",
				"reference_id": "ppl_419da82f-5aca-48a8-b34c-2e6a6765fdcf"
			},
			{
				"rate": [{ "min": 0, "max": null, "amount": 7.554 }],
				"source": "https://www.pplelectric.com/-/media/PPLElectric/At-Your-Service/Docs/General-Supplier-Reference-Information/2018/PTC_History-Update.pdf?la=en",
				"created_at": {
					"day": 23,
					"month": 1,
					"year": 2020,
					"timestamp": 1.57978543813183e9
				},
				"start_date": { "day": 1, "month": 12, "year": 2012 },
				"end_date": { "day": 28, "month": 2, "year": 2013 },
				"supercedes": "ppl_419da82f-5aca-48a8-b34c-2e6a6765fdcf",
				"reference_id": "ppl_fc8b99ff-1b56-4a9b-9843-3ee7c9707183"
			},
			{
				"rate": [{ "min": 0, "max": null, "amount": 7.237 }],
				"source": "https://www.pplelectric.com/-/media/PPLElectric/At-Your-Service/Docs/General-Supplier-Reference-Information/2018/PTC_History-Update.pdf?la=en",
				"created_at": {
					"day": 23,
					"month": 1,
					"year": 2020,
					"timestamp": 1.57978543856509e9
				},
				"start_date": { "day": 1, "month": 3, "year": 2013 },
				"end_date": { "day": 31, "month": 5, "year": 2013 },
				"supercedes": "ppl_fc8b99ff-1b56-4a9b-9843-3ee7c9707183",
				"reference_id": "ppl_9675cc8e-4233-4535-b2ed-7710fc40f411"
			},
			{
				"rate": [{ "min": 0, "max": null, "amount": 8.227 }],
				"source": "https://www.pplelectric.com/-/media/PPLElectric/At-Your-Service/Docs/General-Supplier-Reference-Information/2018/PTC_History-Update.pdf?la=en",
				"created_at": {
					"day": 23,
					"month": 1,
					"year": 2020,
					"timestamp": 1.57978543899915e9
				},
				"start_date": { "day": 1, "month": 6, "year": 2013 },
				"end_date": { "day": 31, "month": 8, "year": 2013 },
				"supercedes": "ppl_9675cc8e-4233-4535-b2ed-7710fc40f411",
				"reference_id": "ppl_d80568d5-5375-4f8f-9d08-7efb9263a663"
			},
			{
				"rate": [{ "min": 0, "max": null, "amount": 8.777 }],
				"source": "https://www.pplelectric.com/-/media/PPLElectric/At-Your-Service/Docs/General-Supplier-Reference-Information/2018/PTC_History-Update.pdf?la=en",
				"created_at": {
					"day": 23,
					"month": 1,
					"year": 2020,
					"timestamp": 1.57978543943452e9
				},
				"start_date": { "day": 1, "month": 9, "year": 2013 },
				"end_date": { "day": 30, "month": 11, "year": 2013 },
				"supercedes": "ppl_d80568d5-5375-4f8f-9d08-7efb9263a663",
				"reference_id": "ppl_033aaeab-2d20-453f-8f33-027db15f5edf"
			},
			{
				"rate": [{ "min": 0, "max": null, "amount": 8.754 }],
				"source": "https://www.pplelectric.com/-/media/PPLElectric/At-Your-Service/Docs/General-Supplier-Reference-Information/2018/PTC_History-Update.pdf?la=en",
				"created_at": {
					"day": 23,
					"month": 1,
					"year": 2020,
					"timestamp": 1.57978543986985e9
				},
				"start_date": { "day": 1, "month": 12, "year": 2013 },
				"end_date": { "day": 28, "month": 2, "year": 2014 },
				"supercedes": "ppl_033aaeab-2d20-453f-8f33-027db15f5edf",
				"reference_id": "ppl_daae294a-fd57-4608-86cf-76d166fbfdb6"
			},
			{
				"rate": [{ "min": 0, "max": null, "amount": 8.754 }],
				"source": "https://www.pplelectric.com/-/media/PPLElectric/At-Your-Service/Docs/General-Supplier-Reference-Information/2018/PTC_History-Update.pdf?la=en",
				"created_at": {
					"day": 23,
					"month": 1,
					"year": 2020,
					"timestamp": 1.57978544030381e9
				},
				"start_date": { "day": 1, "month": 3, "year": 2014 },
				"end_date": { "day": 31, "month": 5, "year": 2014 },
				"supercedes": "ppl_daae294a-fd57-4608-86cf-76d166fbfdb6",
				"reference_id": "ppl_5b36ef06-0513-47bc-9ea9-a078964d2291"
			},
			{
				"rate": [{ "min": 0, "max": null, "amount": 9.036 }],
				"source": "https://www.pplelectric.com/-/media/PPLElectric/At-Your-Service/Docs/General-Supplier-Reference-Information/2018/PTC_History-Update.pdf?la=en",
				"created_at": {
					"day": 23,
					"month": 1,
					"year": 2020,
					"timestamp": 1.57978544074039e9
				},
				"start_date": { "day": 1, "month": 6, "year": 2014 },
				"end_date": { "day": 31, "month": 8, "year": 2014 },
				"supercedes": "ppl_5b36ef06-0513-47bc-9ea9-a078964d2291",
				"reference_id": "ppl_09f29651-323e-4f25-8502-28b05819fad5"
			},
			{
				"rate": [{ "min": 0, "max": null, "amount": 8.814 }],
				"source": "https://www.pplelectric.com/-/media/PPLElectric/At-Your-Service/Docs/General-Supplier-Reference-Information/2018/PTC_History-Update.pdf?la=en",
				"created_at": {
					"day": 23,
					"month": 1,
					"year": 2020,
					"timestamp": 1.57978544117653e9
				},
				"start_date": { "day": 1, "month": 9, "year": 2014 },
				"end_date": { "day": 30, "month": 9, "year": 2014 },
				"supercedes": "ppl_09f29651-323e-4f25-8502-28b05819fad5",
				"reference_id": "ppl_119d2fcc-7790-4d1a-ab98-d37a892e8b06"
			},
			{
				"rate": [{ "min": 0, "max": null, "amount": 8.956 }],
				"source": "https://www.pplelectric.com/-/media/PPLElectric/At-Your-Service/Docs/General-Supplier-Reference-Information/2018/PTC_History-Update.pdf?la=en",
				"created_at": {
					"day": 23,
					"month": 1,
					"year": 2020,
					"timestamp": 1.57978544161413e9
				},
				"start_date": { "day": 1, "month": 10, "year": 2014 },
				"end_date": { "day": 30, "month": 11, "year": 2015 },
				"supercedes": "ppl_119d2fcc-7790-4d1a-ab98-d37a892e8b06",
				"reference_id": "ppl_2c08f127-3202-446c-89e2-8d406dbef88f"
			},
			{
				"rate": [{ "min": 0, "max": null, "amount": 9.318 }],
				"source": "https://www.pplelectric.com/-/media/PPLElectric/At-Your-Service/Docs/General-Supplier-Reference-Information/2018/PTC_History-Update.pdf?la=en",
				"created_at": {
					"day": 23,
					"month": 1,
					"year": 2020,
					"timestamp": 1.57978544205093e9
				},
				"start_date": { "day": 1, "month": 12, "year": 2014 },
				"end_date": { "day": 28, "month": 2, "year": 2015 },
				"supercedes": "ppl_2c08f127-3202-446c-89e2-8d406dbef88f",
				"reference_id": "ppl_42fe2f44-c257-475f-90a0-2749a64e4840"
			},
			{
				"rate": [{ "min": 0, "max": null, "amount": 9.559 }],
				"source": "https://www.pplelectric.com/-/media/PPLElectric/At-Your-Service/Docs/General-Supplier-Reference-Information/2018/PTC_History-Update.pdf?la=en",
				"created_at": {
					"day": 23,
					"month": 1,
					"year": 2020,
					"timestamp": 1.57978544248798e9
				},
				"start_date": { "day": 1, "month": 3, "year": 2015 },
				"end_date": { "day": 31, "month": 5, "year": 2015 },
				"supercedes": "ppl_42fe2f44-c257-475f-90a0-2749a64e4840",
				"reference_id": "ppl_2e4e42cd-3368-40aa-8239-20a08ab44134"
			},
			{
				"rate": [{ "min": 0, "max": null, "amount": 9.493 }],
				"source": "https://www.pplelectric.com/-/media/PPLElectric/At-Your-Service/Docs/General-Supplier-Reference-Information/2018/PTC_History-Update.pdf?la=en",
				"created_at": {
					"day": 23,
					"month": 1,
					"year": 2020,
					"timestamp": 1.57978544292437e9
				},
				"start_date": { "day": 1, "month": 6, "year": 2015 },
				"end_date": { "day": 30, "month": 11, "year": 2015 },
				"supercedes": "ppl_2e4e42cd-3368-40aa-8239-20a08ab44134",
				"reference_id": "ppl_cd9487cf-2447-4a77-a9c9-0882fcf9b98b"
			},
			{
				"rate": [{ "min": 0, "max": null, "amount": 7.878 }],
				"source": "https://www.pplelectric.com/-/media/PPLElectric/At-Your-Service/Docs/General-Supplier-Reference-Information/2018/PTC_History-Update.pdf?la=en",
				"created_at": {
					"day": 23,
					"month": 1,
					"year": 2020,
					"timestamp": 1.57978544336044e9
				},
				"start_date": { "day": 1, "month": 12, "year": 2015 },
				"end_date": { "day": 31, "month": 5, "year": 2016 },
				"supercedes": "ppl_cd9487cf-2447-4a77-a9c9-0882fcf9b98b",
				"reference_id": "ppl_8a7b3cf7-e53e-461a-9475-1bba5a414b9e"
			},
			{
				"rate": [{ "min": 0, "max": null, "amount": 7.491 }],
				"source": "https://www.pplelectric.com/-/media/PPLElectric/At-Your-Service/Docs/General-Supplier-Reference-Information/2018/PTC_History-Update.pdf?la=en",
				"created_at": {
					"day": 23,
					"month": 1,
					"year": 2020,
					"timestamp": 1.57978544379827e9
				},
				"start_date": { "day": 1, "month": 6, "year": 2016 },
				"end_date": { "day": 30, "month": 11, "year": 2016 },
				"supercedes": "ppl_8a7b3cf7-e53e-461a-9475-1bba5a414b9e",
				"reference_id": "ppl_e31af444-74be-4ccb-ae23-d1d624ff794f"
			},
			{
				"rate": [{ "min": 0, "max": null, "amount": 7.439 }],
				"source": "https://www.pplelectric.com/-/media/PPLElectric/At-Your-Service/Docs/General-Supplier-Reference-Information/2018/PTC_History-Update.pdf?la=en",
				"created_at": {
					"day": 23,
					"month": 1,
					"year": 2020,
					"timestamp": 1.57978544424223e9
				},
				"start_date": { "day": 1, "month": 12, "year": 2016 },
				"end_date": { "day": 31, "month": 5, "year": 2017 },
				"supercedes": "ppl_e31af444-74be-4ccb-ae23-d1d624ff794f",
				"reference_id": "ppl_c1a8840e-2af8-4459-a398-0829eb9933c3"
			},
			{
				"rate": [{ "min": 0, "max": null, "amount": 8.493 }],
				"source": "https://www.pplelectric.com/-/media/PPLElectric/At-Your-Service/Docs/General-Supplier-Reference-Information/2018/PTC_History-Update.pdf?la=en",
				"created_at": {
					"day": 23,
					"month": 1,
					"year": 2020,
					"timestamp": 1.579785444679e9
				},
				"start_date": { "day": 1, "month": 6, "year": 2017 },
				"end_date": { "day": 30, "month": 11, "year": 2017 },
				"supercedes": "ppl_c1a8840e-2af8-4459-a398-0829eb9933c3",
				"reference_id": "ppl_5de92c3a-4d9e-406f-974c-9e751472fdd4"
			},
			{
				"rate": [{ "min": 0, "max": null, "amount": 7.463 }],
				"source": "https://www.pplelectric.com/-/media/PPLElectric/At-Your-Service/Docs/General-Supplier-Reference-Information/2018/PTC_History-Update.pdf?la=en",
				"created_at": {
					"day": 23,
					"month": 1,
					"year": 2020,
					"timestamp": 1.57978544511641e9
				},
				"start_date": { "day": 1, "month": 12, "year": 2017 },
				"end_date": { "day": 31, "month": 5, "year": 2018 },
				"supercedes": "ppl_5de92c3a-4d9e-406f-974c-9e751472fdd4",
				"reference_id": "ppl_1c67e4d7-d22a-4246-8ce8-246e367e3054"
			},
			{
				"rate": [{ "min": 0, "max": null, "amount": 7.449 }],
				"source": "https://www.pplelectric.com/-/media/PPLElectric/At-Your-Service/Docs/General-Supplier-Reference-Information/2018/PTC_History-Update.pdf?la=en",
				"created_at": {
					"day": 23,
					"month": 1,
					"year": 2020,
					"timestamp": 1.57978544555552e9
				},
				"start_date": { "day": 1, "month": 6, "year": 2018 },
				"end_date": { "day": 30, "month": 11, "year": 2018 },
				"supercedes": "ppl_1c67e4d7-d22a-4246-8ce8-246e367e3054",
				"reference_id": "ppl_dd147a51-6d51-41a8-8a32-2582aef4108e"
			},
			{
				"rate": [{ "min": 0, "max": null, "amount": 7.039 }],
				"source": "https://www.pplelectric.com/-/media/PPLElectric/At-Your-Service/Docs/General-Supplier-Reference-Information/2018/PTC_History-Update.pdf?la=en",
				"created_at": {
					"day": 23,
					"month": 1,
					"year": 2020,
					"timestamp": 1.5797854459985e9
				},
				"start_date": { "day": 1, "month": 12, "year": 2018 },
				"end_date": { "day": 31, "month": 5, "year": 2019 },
				"supercedes": "ppl_dd147a51-6d51-41a8-8a32-2582aef4108e",
				"reference_id": "ppl_b60e96b6-9cff-4454-af78-55c9e47c0073"
			},
			{
				"rate": [{ "min": 0, "max": null, "amount": 7.585 }],
				"source": "https://www.pplelectric.com/-/media/PPLElectric/At-Your-Service/Docs/General-Supplier-Reference-Information/2018/PTC_History-Update.pdf?la=en",
				"created_at": {
					"day": 23,
					"month": 1,
					"year": 2020,
					"timestamp": 1.57978544643655e9
				},
				"start_date": { "day": 1, "month": 6, "year": 2019 },
				"end_date": { "day": 30, "month": 11, "year": 2019 },
				"supercedes": "ppl_b60e96b6-9cff-4454-af78-55c9e47c0073",
				"reference_id": "ppl_39b28f1a-c83b-4817-a31a-43362b43dca1"
			},
			{
				"rate": [{ "min": 0, "max": null, "amount": 7.632 }],
				"source": "https://www.pplelectric.com/-/media/PPLElectric/At-Your-Service/Docs/General-Supplier-Reference-Information/2018/PTC_History-Update.pdf?la=en",
				"created_at": {
					"day": 23,
					"month": 1,
					"year": 2020,
					"timestamp": 1.57978544687495e9
				},
				"start_date": { "day": 1, "month": 12, "year": 2019 },
				"end_date": { "day": 1, "month": 5, "year": 2020 },
				"supercedes": "ppl_39b28f1a-c83b-4817-a31a-43362b43dca1",
				"reference_id": "ppl_b07f170d-5996-4014-9362-102bf85e00c1"
			},
			{
				"rate": [{ "min": 0, "max": null, "amount": 7.284 }],
				"source": "https://www.pplelectric.com/utility/about-us/for-generation-suppliers/general-supplier-reference-information/price-to-compare-and-shopping.aspx",
				"created_at": {
					"day": 2,
					"month": 5,
					"year": 2020,
					"timestamp": 1.588399319256211e9
				},
				"start_date": { "day": 2, "month": 5, "year": 2020 },
				"end_date": { "day": 2, "month": 11, "year": 2020 },
				"supercedes": "ppl_b07f170d-5996-4014-9362-102bf85e00c1",
				"reference_id": "ppl_bb4ea331-c656-45b6-a161-5ab3a88ef2f9"
			},
			{
				"rate": [{ "min": 0, "max": null, "amount": 7.317 }],
				"source": "https://www.pplelectric.com/utility/about-us/for-generation-suppliers/general-supplier-reference-information/price-to-compare-and-shopping.aspx",
				"created_at": {
					"day": 3,
					"month": 11,
					"year": 2020,
					"timestamp": 1.604380503801882e9
				},
				"start_date": { "day": 3, "month": 11, "year": 2020 },
				"end_date": { "day": 30, "month": 4, "year": 2021 },
				"supercedes": "ppl_bb4ea331-c656-45b6-a161-5ab3a88ef2f9",
				"reference_id": "ppl_68a6f301-64ac-4a83-bdde-e4fecd80b7ed"
			},
			{
				"rate": [{ "min": 0, "max": null, "amount": 7.544 }],
				"source": "https://www.pplelectric.com/utility/about-us/for-generation-suppliers/general-supplier-reference-information/price-to-compare-and-shopping.aspx",
				"created_at": {
					"day": 1,
					"month": 5,
					"year": 2021,
					"timestamp": 1.619854295143062e9
				},
				"start_date": { "day": 1, "month": 5, "year": 2021 },
				"end_date": { "day": 1, "month": 11, "year": 2021 },
				"supercedes": "ppl_68a6f301-64ac-4a83-bdde-e4fecd80b7ed",
				"reference_id": "ppl_22dc606e-1050-4b69-a1f6-eef618101973"
			},
			{
				"rate": [{ "min": 0, "max": null, "amount": 9.502 }],
				"source": "https://www.pplelectric.com/utility/about-us/for-generation-suppliers/general-supplier-reference-information/price-to-compare-and-shopping.aspx",
				"created_at": {
					"day": 2,
					"month": 11,
					"year": 2021,
					"timestamp": 1.63583829114873e9
				},
				"start_date": { "day": 2, "month": 11, "year": 2021 },
				"end_date": { "day": 1, "month": 12, "year": 2021 },
				"supercedes": "ppl_22dc606e-1050-4b69-a1f6-eef618101973",
				"reference_id": "ppl_c9097b98-ba6c-42ca-865c-c34e4b738a74"
			},
			{
				"rate": [{ "min": 0, "max": null, "amount": 8.941 }],
				"source": "https://www.pplelectric.com/utility/about-us/for-generation-suppliers/general-supplier-reference-information/price-to-compare-and-shopping.aspx",
				"created_at": {
					"day": 2,
					"month": 12,
					"year": 2021,
					"timestamp": 1.638430301258218e9
				},
				"start_date": { "day": 2, "month": 12, "year": 2021 },
				"end_date": { "day": 7, "month": 12, "year": 2021 },
				"supercedes": "ppl_c9097b98-ba6c-42ca-865c-c34e4b738a74",
				"reference_id": "ppl_0743e931-8147-4484-b242-90f85dacc9e7"
			},
			{
				"rate": [{ "min": 0, "max": "-", "amount": 8.941 }],
				"source": "https://www.pplelectric.com/utility/about-us/for-generation-suppliers/general-supplier-reference-information/price-to-compare-and-shopping.aspx",
				"created_at": {
					"day": 8,
					"month": 12,
					"year": 2021,
					"timestamp": 1.638948694794818e9
				},
				"start_date": { "day": 8, "month": 12, "year": 2021 },
				"end_date": { "day": 1, "month": 11, "year": 2022 },
				"supercedes": "ppl_0743e931-8147-4484-b242-90f85dacc9e7",
				"reference_id": "ppl_f453671c-ad92-41c8-8fed-6205018be246"
			},
			{
				"rate": [{ "min": 0, "max": "-", "amount": 14.612 }],
				"source": "https://www.pplelectric.com/utility/about-us/for-generation-suppliers/general-supplier-reference-information/price-to-compare-and-shopping.aspx",
				"created_at": {
					"day": 2,
					"month": 11,
					"year": 2022,
					"timestamp": 1.667374296667854e9
				},
				"start_date": { "day": 2, "month": 11, "year": 2022 },
				"end_date": { "day": 14, "month": 9, "year": 2023 },
				"supercedes": "ppl_f453671c-ad92-41c8-8fed-6205018be246",
				"reference_id": "ppl_d44f6724-09d8-46a1-a3f8-6cc8fe8a5245"
			},
			{
				"rate": [{ "min": 0, "max": "-", "amount": 12.126 }],
				"source": "https://www.pplelectric.com//-/media/PPLElectric/At-Your-Service/Docs/General-Supplier-Reference-Information/2023/PTC-June-1-2023--Nov-30-2023.ashx",
				"created_at": {
					"day": 15,
					"month": 9,
					"year": 2023,
					"timestamp": 1.694763696166852e9
				},
				"start_date": { "day": 15, "month": 9, "year": 2023 },
				"end_date": { "day": 1, "month": 11, "year": 2023 },
				"supercedes": "ppl_d44f6724-09d8-46a1-a3f8-6cc8fe8a5245",
				"reference_id": "ppl_aed7050f-fe0b-4e02-bf28-735eaf85074b"
			},
			{
				"rate": [{ "min": 0, "max": "-", "amount": 11.028 }],
				"source": "https://www.pplelectric.com//-/media/PPLElectric/At-Your-Service/Docs/General-Supplier-Reference-Information/2023/PTC-Dec-1-2023---May-31-2024.ashx",
				"created_at": {
					"day": 2,
					"month": 11,
					"year": 2023,
					"timestamp": 1.69891090148003e9
				},
				"start_date": { "day": 2, "month": 11, "year": 2023 },
				"end_date": { "day": 30, "month": 4, "year": 2024 },
				"supercedes": "ppl_aed7050f-fe0b-4e02-bf28-735eaf85074b",
				"reference_id": "ppl_317d6355-ee1a-45ab-b4cf-1fe7761a202e"
			},
			{
				"rate": [{ "min": 0, "max": "-", "amount": 10.04 }],
				"source": "https://www.pplelectric.com//-/media/PPLElectric/At-Your-Service/Docs/General-Supplier-Reference-Information/2024/PTC-June-1-2024--Nov-30-2024.ashx",
				"created_at": {
					"day": 1,
					"month": 5,
					"year": 2024,
					"timestamp": 1.714549372235685e9
				},
				"start_date": { "day": 1, "month": 5, "year": 2024 },
				"end_date": null,
				"supercedes": "ppl_317d6355-ee1a-45ab-b4cf-1fe7761a202e",
				"reference_id": "ppl_b5124674-def4-4e39-b83a-59f84736f4b7"
			}
		],
		"last_updated_at": {
			"day": 1,
			"month": 5,
			"year": 2024,
			"timestamp": 1.714549372235731e9
		},
		"created_at": {
			"day": 23,
			"month": 1,
			"year": 2020,
			"timestamp": 1.57978543292793e9
		}
	},
	{
		"_id": { "$oid": "5e4643a26adeea4bd25880f0" },
		"state": "pa",
		"name": "meted",
		"rate_type": "Generation+Transmission",
		"default_rate": [
			{
				"rate": [{ "min": 0, "max": null, "amount": 6.341 }],
				"start_date": { "day": 1, "month": 6, "year": 2018 },
				"end_date": { "day": 31, "month": 8, "year": 2018 },
				"source": "https://firstenergycorp.com/customer_choice/pennsylvania/pennsylvania_tariffs.html",
				"supercedes": null,
				"reference_id": "meted_31082018",
				"created_at": {
					"day": 23,
					"month": 1,
					"year": 2020,
					"timestamp": 1.57978544709888e9
				}
			},
			{
				"rate": [{ "min": 0, "max": null, "amount": 6.068 }],
				"start_date": { "day": 1, "month": 9, "year": 2018 },
				"end_date": { "day": 30, "month": 11, "year": 2018 },
				"source": "https://firstenergycorp.com/customer_choice/pennsylvania/pennsylvania_tariffs.html",
				"supercedes": "31082018",
				"reference_id": "meted_30112018",
				"created_at": {
					"day": 23,
					"month": 1,
					"year": 2020,
					"timestamp": 1.5797854470989e9
				}
			},
			{
				"rate": [{ "min": 0, "max": null, "amount": 6.684 }],
				"start_date": { "day": 1, "month": 12, "year": 2018 },
				"end_date": { "day": 28, "month": 2, "year": 2019 },
				"source": "https://firstenergycorp.com/customer_choice/pennsylvania/pennsylvania_tariffs.html",
				"supercedes": "30112018",
				"reference_id": "meted_28022019",
				"created_at": {
					"day": 23,
					"month": 1,
					"year": 2020,
					"timestamp": 1.57978544709891e9
				}
			},
			{
				"rate": [{ "min": 0, "max": null, "amount": 6.241 }],
				"start_date": { "day": 1, "month": 3, "year": 2019 },
				"end_date": { "day": 31, "month": 5, "year": 2019 },
				"source": "https://firstenergycorp.com/customer_choice/pennsylvania/pennsylvania_tariffs.html",
				"supercedes": "28022019",
				"reference_id": "meted_31052019",
				"created_at": {
					"day": 23,
					"month": 1,
					"year": 2020,
					"timestamp": 1.57978544709892e9
				}
			},
			{
				"rate": [{ "min": 0, "max": null, "amount": 5.54 }],
				"start_date": { "day": 1, "month": 6, "year": 2019 },
				"end_date": { "day": 31, "month": 8, "year": 2019 },
				"source": "https://firstenergycorp.com/customer_choice/pennsylvania/pennsylvania_tariffs.html",
				"supercedes": "31052019",
				"reference_id": "meted_31082019",
				"created_at": {
					"day": 23,
					"month": 1,
					"year": 2020,
					"timestamp": 1.57978544709893e9
				}
			},
			{
				"rate": [{ "min": 0, "max": null, "amount": 5.667 }],
				"start_date": { "day": 1, "month": 9, "year": 2019 },
				"end_date": { "day": 30, "month": 11, "year": 2019 },
				"source": "https://firstenergycorp.com/customer_choice/pennsylvania/pennsylvania_tariffs.html",
				"supercedes": "31082019",
				"reference_id": "meted_30112019",
				"created_at": {
					"day": 23,
					"month": 1,
					"year": 2020,
					"timestamp": 1.57978544709894e9
				}
			},
			{
				"rate": [{ "min": 0, "max": null, "amount": 6.51 }],
				"source": "https://www.firstenergycorp.com/content/dam/customer/Customer%20Choice/Files/PA/tariffs/Met-Ed-PTC-HPS-Rider-Filing-Effective-12-1-19.pdf",
				"created_at": {
					"day": 23,
					"month": 1,
					"year": 2020,
					"timestamp": 1.57978640022863e9
				},
				"start_date": { "day": 1, "month": 12, "year": 2019 },
				"end_date": { "day": 5, "month": 4, "year": 2020 },
				"supercedes": "meted_30112019",
				"reference_id": "meted_1579786400"
			},
			{
				"rate": [{ "min": 0, "max": null, "amount": 5.39 }],
				"source": "https://www.firstenergycorp.com/content/dam/customer/Customer%20Choice/Files/PA/tariffs/ME%20Supp%2081%20PTC%20Effective%203-1-20.pdf",
				"created_at": {
					"day": 6,
					"month": 4,
					"year": 2020,
					"timestamp": 1.586152812365366e9
				},
				"start_date": { "day": 6, "month": 4, "year": 2020 },
				"end_date": { "day": 13, "month": 9, "year": 2023 },
				"supercedes": "meted_1579786400",
				"reference_id": "meted_e4096d51-c873-4279-8ca0-61094c766c81"
			},
			{
				"rate": [{ "min": 0, "max": "-", "amount": 10.24 }],
				"source": "https://www.firstenergycorp.com/content/dam/customer/Customer%20Choice/Files/PA/Met-Ed_and_Penelec/MEPTC.pdf",
				"created_at": {
					"day": 14,
					"month": 9,
					"year": 2023,
					"timestamp": 1.694677310383047e9
				},
				"start_date": { "day": 14, "month": 9, "year": 2023 },
				"end_date": { "day": 6, "month": 12, "year": 2023 },
				"supercedes": "meted_e4096d51-c873-4279-8ca0-61094c766c81",
				"reference_id": "meted_5523b405-cc0d-4725-a5f5-1c87674b3024"
			},
			{
				"rate": [{ "min": 0, "max": "-", "amount": 11.306 }],
				"source": "https://www.firstenergycorp.com/content/dam/customer/Customer%20Choice/Files/PA/Met-Ed_and_Penelec/MEPTC.pdf",
				"created_at": {
					"day": 7,
					"month": 12,
					"year": 2023,
					"timestamp": 1.701934894354242e9
				},
				"start_date": { "day": 7, "month": 12, "year": 2023 },
				"end_date": null,
				"supercedes": "meted_5523b405-cc0d-4725-a5f5-1c87674b3024",
				"reference_id": "meted_20712098-7ac6-484d-864d-859568a51915"
			}
		],
		"last_updated_at": {
			"day": 7,
			"month": 12,
			"year": 2023,
			"timestamp": 1.701934894354277e9
		},
		"created_at": {
			"day": 23,
			"month": 1,
			"year": 2020,
			"timestamp": 1.57978544709896e9
		}
	},
	{
		"_id": { "$oid": "5e4643a36adeea4bd25880f1" },
		"state": "pa",
		"name": "penelec",
		"rate_type": "Generation+Transmission",
		"default_rate": [
			{
				"rate": [{ "min": 0, "max": null, "amount": 6.223 }],
				"start_date": { "day": 1, "month": 6, "year": 2018 },
				"end_date": { "day": 31, "month": 8, "year": 2018 },
				"source": "https://firstenergycorp.com/customer_choice/pennsylvania/pennsylvania_tariffs.html",
				"supercedes": null,
				"reference_id": "penelec_31082018",
				"created_at": {
					"day": 23,
					"month": 1,
					"year": 2020,
					"timestamp": 1.57978544753187e9
				}
			},
			{
				"rate": [{ "min": 0, "max": null, "amount": 5.968 }],
				"start_date": { "day": 1, "month": 9, "year": 2018 },
				"end_date": { "day": 30, "month": 11, "year": 2018 },
				"source": "https://firstenergycorp.com/customer_choice/pennsylvania/pennsylvania_tariffs.html",
				"supercedes": "31082018",
				"reference_id": "penelec_30112018",
				"created_at": {
					"day": 23,
					"month": 1,
					"year": 2020,
					"timestamp": 1.57978544753189e9
				}
			},
			{
				"rate": [{ "min": 0, "max": null, "amount": 6.288 }],
				"start_date": { "day": 1, "month": 12, "year": 2018 },
				"end_date": { "day": 28, "month": 2, "year": 2019 },
				"source": "https://firstenergycorp.com/customer_choice/pennsylvania/pennsylvania_tariffs.html",
				"supercedes": "30112018",
				"reference_id": "penelec_28022019",
				"created_at": {
					"day": 23,
					"month": 1,
					"year": 2020,
					"timestamp": 1.57978544753191e9
				}
			},
			{
				"rate": [{ "min": 0, "max": null, "amount": 5.747 }],
				"start_date": { "day": 1, "month": 3, "year": 2019 },
				"end_date": { "day": 31, "month": 5, "year": 2019 },
				"source": "https://firstenergycorp.com/customer_choice/pennsylvania/pennsylvania_tariffs.html",
				"supercedes": "28022019",
				"reference_id": "penelec_31052019",
				"created_at": {
					"day": 23,
					"month": 1,
					"year": 2020,
					"timestamp": 1.57978544753193e9
				}
			},
			{
				"rate": [{ "min": 0, "max": null, "amount": 5.668 }],
				"start_date": { "day": 1, "month": 6, "year": 2019 },
				"end_date": { "day": 31, "month": 8, "year": 2019 },
				"source": "https://firstenergycorp.com/customer_choice/pennsylvania/pennsylvania_tariffs.html",
				"supercedes": "31052019",
				"reference_id": "penelec_31082019",
				"created_at": {
					"day": 23,
					"month": 1,
					"year": 2020,
					"timestamp": 1.57978544753195e9
				}
			},
			{
				"rate": [{ "min": 0, "max": null, "amount": 5.198 }],
				"start_date": { "day": 1, "month": 9, "year": 2019 },
				"end_date": { "day": 30, "month": 11, "year": 2019 },
				"source": "https://firstenergycorp.com/customer_choice/pennsylvania/pennsylvania_tariffs.html",
				"supercedes": "31082019",
				"reference_id": "penelec_30112019",
				"created_at": {
					"day": 23,
					"month": 1,
					"year": 2020,
					"timestamp": 1.57978544753197e9
				}
			},
			{
				"rate": [{ "min": 0, "max": null, "amount": 6.445 }],
				"source": "https://www.firstenergycorp.com/content/dam/customer/Customer%20Choice/Files/PA/tariffs/Penelec%20PTC%20HPS%20Rider%20Filing%20Effective%2012-1-19.pdf",
				"created_at": {
					"day": 23,
					"month": 1,
					"year": 2020,
					"timestamp": 1.57978640698233e9
				},
				"start_date": { "day": 1, "month": 12, "year": 2019 },
				"end_date": { "day": 5, "month": 4, "year": 2020 },
				"supercedes": "penelec_30112019",
				"reference_id": "penelec_1579786406"
			},
			{
				"rate": [{ "min": 0, "max": null, "amount": 5.404 }],
				"source": "https://www.firstenergycorp.com/content/dam/customer/Customer%20Choice/Files/PA/tariffs/PN%20Supp%2092%20PTC%20Effective%203-1-20.pdf",
				"created_at": {
					"day": 6,
					"month": 4,
					"year": 2020,
					"timestamp": 1.586152812459515e9
				},
				"start_date": { "day": 6, "month": 4, "year": 2020 },
				"end_date": { "day": 13, "month": 9, "year": 2023 },
				"supercedes": "penelec_1579786406",
				"reference_id": "penelec_d07045c8-a4be-438e-948b-34d09bc3db44"
			},
			{
				"rate": [{ "min": 0, "max": "-", "amount": 9.703 }],
				"source": "https://www.firstenergycorp.com/content/dam/customer/Customer%20Choice/Files/PA/Met-Ed_and_Penelec/PNPTC.pdf",
				"created_at": {
					"day": 14,
					"month": 9,
					"year": 2023,
					"timestamp": 1.694677310496421e9
				},
				"start_date": { "day": 14, "month": 9, "year": 2023 },
				"end_date": { "day": 6, "month": 12, "year": 2023 },
				"supercedes": "penelec_d07045c8-a4be-438e-948b-34d09bc3db44",
				"reference_id": "penelec_4fa24060-f8f9-447b-a53a-d987a9dd4cd7"
			},
			{
				"rate": [{ "min": 0, "max": "-", "amount": 10.609 }],
				"source": "https://www.firstenergycorp.com/content/dam/customer/Customer%20Choice/Files/PA/Met-Ed_and_Penelec/PNPTC.pdf",
				"created_at": {
					"day": 7,
					"month": 12,
					"year": 2023,
					"timestamp": 1.701934894475483e9
				},
				"start_date": { "day": 7, "month": 12, "year": 2023 },
				"end_date": null,
				"supercedes": "penelec_4fa24060-f8f9-447b-a53a-d987a9dd4cd7",
				"reference_id": "penelec_41dfd2a6-c645-4e0c-bff8-b8d1f55c83f4"
			}
		],
		"last_updated_at": {
			"day": 7,
			"month": 12,
			"year": 2023,
			"timestamp": 1.701934894475509e9
		},
		"created_at": {
			"day": 23,
			"month": 1,
			"year": 2020,
			"timestamp": 1.57978544753199e9
		}
	},
	{
		"_id": { "$oid": "5e4643a36adeea4bd25880f3" },
		"state": "pa",
		"name": "westpenn",
		"rate_type": "Generation+Transmission",
		"default_rate": [
			{
				"rate": [{ "min": 0, "max": null, "amount": 6.085 }],
				"start_date": { "day": 1, "month": 3, "year": 2018 },
				"end_date": { "day": 31, "month": 5, "year": 2018 },
				"source": "https://firstenergycorp.com/customer_choice/pennsylvania/pennsylvania_tariffs.html",
				"supercedes": null,
				"reference_id": "westpenn_31052018",
				"created_at": {
					"day": 23,
					"month": 1,
					"year": 2020,
					"timestamp": 1.57978544839632e9
				}
			},
			{
				"rate": [{ "min": 0, "max": null, "amount": 6.56 }],
				"start_date": { "day": 1, "month": 6, "year": 2018 },
				"end_date": { "day": 31, "month": 8, "year": 2018 },
				"source": "https://firstenergycorp.com/customer_choice/pennsylvania/pennsylvania_tariffs.html",
				"supercedes": "westpenn_31052018",
				"reference_id": "westpenn_31082018",
				"created_at": {
					"day": 23,
					"month": 1,
					"year": 2020,
					"timestamp": 1.57978544839634e9
				}
			},
			{
				"rate": [{ "min": 0, "max": null, "amount": 5.595 }],
				"start_date": { "day": 1, "month": 9, "year": 2018 },
				"end_date": { "day": 30, "month": 11, "year": 2018 },
				"source": "https://firstenergycorp.com/customer_choice/pennsylvania/pennsylvania_tariffs.html",
				"supercedes": "31082018",
				"reference_id": "westpenn_30112018",
				"created_at": {
					"day": 23,
					"month": 1,
					"year": 2020,
					"timestamp": 1.57978544839635e9
				}
			},
			{
				"rate": [{ "min": 0, "max": null, "amount": 6.354 }],
				"start_date": { "day": 1, "month": 12, "year": 2018 },
				"end_date": { "day": 28, "month": 2, "year": 2019 },
				"source": "https://firstenergycorp.com/customer_choice/pennsylvania/pennsylvania_tariffs.html",
				"supercedes": "30112018",
				"reference_id": "westpenn_28022019",
				"created_at": {
					"day": 23,
					"month": 1,
					"year": 2020,
					"timestamp": 1.57978544839636e9
				}
			},
			{
				"rate": [{ "min": 0, "max": null, "amount": 6.092 }],
				"start_date": { "day": 1, "month": 3, "year": 2019 },
				"end_date": { "day": 31, "month": 5, "year": 2019 },
				"source": "https://firstenergycorp.com/customer_choice/pennsylvania/pennsylvania_tariffs.html",
				"supercedes": "28022019",
				"reference_id": "westpenn_31052019",
				"created_at": {
					"day": 23,
					"month": 1,
					"year": 2020,
					"timestamp": 1.57978544839637e9
				}
			},
			{
				"rate": [{ "min": 0, "max": null, "amount": 5.517 }],
				"start_date": { "day": 1, "month": 6, "year": 2019 },
				"end_date": { "day": 31, "month": 8, "year": 2019 },
				"source": "https://firstenergycorp.com/customer_choice/pennsylvania/pennsylvania_tariffs.html",
				"supercedes": "31052019",
				"reference_id": "westpenn_31082019",
				"created_at": {
					"day": 23,
					"month": 1,
					"year": 2020,
					"timestamp": 1.57978544839638e9
				}
			},
			{
				"rate": [{ "min": 0, "max": null, "amount": 5.338 }],
				"start_date": { "day": 1, "month": 9, "year": 2019 },
				"end_date": { "day": 30, "month": 11, "year": 2019 },
				"source": "https://firstenergycorp.com/customer_choice/pennsylvania/pennsylvania_tariffs.html",
				"supercedes": "31082019",
				"reference_id": "westpenn_30112019",
				"created_at": {
					"day": 23,
					"month": 1,
					"year": 2020,
					"timestamp": 1.57978544839639e9
				}
			},
			{
				"rate": [{ "min": 0, "max": null, "amount": 5.76 }],
				"source": "https://www.firstenergycorp.com/content/dam/customer/Customer%20Choice/Files/PA/tariffs/West%20Penn%20PTC%20HPS%20Rider%20Filing%20Effective%2012-1-19.pdf",
				"created_at": {
					"day": 23,
					"month": 1,
					"year": 2020,
					"timestamp": 1.5797864154823e9
				},
				"start_date": { "day": 1, "month": 12, "year": 2019 },
				"end_date": { "day": 5, "month": 4, "year": 2020 },
				"supercedes": "westpenn_30112019",
				"reference_id": "westpenn_1579786415"
			},
			{
				"rate": [{ "min": 0, "max": null, "amount": 6.059 }],
				"source": "https://www.firstenergycorp.com/content/dam/customer/Customer%20Choice/Files/PA/tariffs/WP%20Supp%2069%20and%2043%20PTC%20Effective%203-1-20.pdf",
				"created_at": {
					"day": 6,
					"month": 4,
					"year": 2020,
					"timestamp": 1.586152812666116e9
				},
				"start_date": { "day": 6, "month": 4, "year": 2020 },
				"end_date": { "day": 13, "month": 9, "year": 2023 },
				"supercedes": "westpenn_1579786415",
				"reference_id": "westpenn_24137158-e8ea-413f-b896-b26d1a2de0d1"
			},
			{
				"rate": [{ "min": 0, "max": "-", "amount": 9.929 }],
				"source": "https://www.firstenergycorp.com/content/dam/customer/Customer%20Choice/Files/PA/West_Penn_Power/WPPTC.pdf",
				"created_at": {
					"day": 14,
					"month": 9,
					"year": 2023,
					"timestamp": 1.694677310573667e9
				},
				"start_date": { "day": 14, "month": 9, "year": 2023 },
				"end_date": { "day": 6, "month": 12, "year": 2023 },
				"supercedes": "westpenn_24137158-e8ea-413f-b896-b26d1a2de0d1",
				"reference_id": "westpenn_ed54bec4-11a0-4953-b306-1cfba27bf897"
			},
			{
				"rate": [{ "min": 0, "max": "-", "amount": 9.997 }],
				"source": "https://www.firstenergycorp.com/content/dam/customer/Customer%20Choice/Files/PA/West_Penn_Power/WPPTC.pdf",
				"created_at": {
					"day": 7,
					"month": 12,
					"year": 2023,
					"timestamp": 1.701934894548978e9
				},
				"start_date": { "day": 7, "month": 12, "year": 2023 },
				"end_date": null,
				"supercedes": "westpenn_ed54bec4-11a0-4953-b306-1cfba27bf897",
				"reference_id": "westpenn_a83a89e3-ad26-4d1b-9f3c-611ed6123be7"
			}
		],
		"last_updated_at": {
			"day": 7,
			"month": 12,
			"year": 2023,
			"timestamp": 1.70193489454901e9
		},
		"created_at": {
			"day": 23,
			"month": 1,
			"year": 2020,
			"timestamp": 1.5797854483964e9
		}
	},
	{
		"_id": { "$oid": "5e4643a36adeea4bd25880f2" },
		"state": "pa",
		"name": "pennpower",
		"rate_type": "Generation+Transmission",
		"default_rate": [
			{
				"rate": [{ "min": 0, "max": null, "amount": 6.824 }],
				"start_date": { "day": 1, "month": 6, "year": 2018 },
				"end_date": { "day": 31, "month": 8, "year": 2018 },
				"source": "https://firstenergycorp.com/customer_choice/pennsylvania/pennsylvania_tariffs.html",
				"supercedes": null,
				"reference_id": "pennpower_31082018",
				"created_at": {
					"day": 23,
					"month": 1,
					"year": 2020,
					"timestamp": 1.57978544796392e9
				}
			},
			{
				"rate": [{ "min": 0, "max": null, "amount": 6.626 }],
				"start_date": { "day": 1, "month": 9, "year": 2018 },
				"end_date": { "day": 30, "month": 11, "year": 2018 },
				"source": "https://firstenergycorp.com/customer_choice/pennsylvania/pennsylvania_tariffs.html",
				"supercedes": "31082018",
				"reference_id": "ppennpower_30112018",
				"created_at": {
					"day": 23,
					"month": 1,
					"year": 2020,
					"timestamp": 1.57978544796394e9
				}
			},
			{
				"rate": [{ "min": 0, "max": null, "amount": 7.714 }],
				"start_date": { "day": 1, "month": 12, "year": 2018 },
				"end_date": { "day": 28, "month": 2, "year": 2019 },
				"source": "https://firstenergycorp.com/customer_choice/pennsylvania/pennsylvania_tariffs.html",
				"supercedes": "30112018",
				"reference_id": "pennpower_28022019",
				"created_at": {
					"day": 23,
					"month": 1,
					"year": 2020,
					"timestamp": 1.57978544796396e9
				}
			},
			{
				"rate": [{ "min": 0, "max": null, "amount": 6.414 }],
				"start_date": { "day": 1, "month": 3, "year": 2019 },
				"end_date": { "day": 31, "month": 5, "year": 2019 },
				"source": "https://firstenergycorp.com/customer_choice/pennsylvania/pennsylvania_tariffs.html",
				"supercedes": "28022019",
				"reference_id": "pennpower_31052019",
				"created_at": {
					"day": 23,
					"month": 1,
					"year": 2020,
					"timestamp": 1.57978544796397e9
				}
			},
			{
				"rate": [{ "min": 0, "max": null, "amount": 6.256 }],
				"start_date": { "day": 1, "month": 6, "year": 2019 },
				"end_date": { "day": 31, "month": 8, "year": 2019 },
				"source": "https://firstenergycorp.com/customer_choice/pennsylvania/pennsylvania_tariffs.html",
				"supercedes": "31052019",
				"reference_id": "pennpower_31082019",
				"created_at": {
					"day": 23,
					"month": 1,
					"year": 2020,
					"timestamp": 1.57978544796398e9
				}
			},
			{
				"rate": [{ "min": 0, "max": null, "amount": 6.231 }],
				"start_date": { "day": 1, "month": 9, "year": 2019 },
				"end_date": { "day": 30, "month": 11, "year": 2019 },
				"source": "https://firstenergycorp.com/customer_choice/pennsylvania/pennsylvania_tariffs.html",
				"supercedes": "31082019",
				"reference_id": "pennpower_30112019",
				"created_at": {
					"day": 23,
					"month": 1,
					"year": 2020,
					"timestamp": 1.57978544796399e9
				}
			},
			{
				"rate": [{ "min": 0, "max": null, "amount": 7.572 }],
				"source": "https://www.firstenergycorp.com/content/dam/customer/Customer%20Choice/Files/PA/tariffs/Penn%20Power%20PTC%20HPS%20Rider%20Filing%20Effective%2012-1-19.pdf",
				"created_at": {
					"day": 23,
					"month": 1,
					"year": 2020,
					"timestamp": 1.57978641097589e9
				},
				"start_date": { "day": 1, "month": 12, "year": 2019 },
				"end_date": { "day": 5, "month": 4, "year": 2020 },
				"supercedes": "pennpower_30112019",
				"reference_id": "pennpower_1579786410"
			},
			{
				"rate": [{ "min": 0, "max": null, "amount": 6.267 }],
				"source": "https://www.firstenergycorp.com/content/dam/customer/Customer%20Choice/Files/PA/tariffs/PP%20Supp%2074%20PTC%20Effective%203-1-20.pdf",
				"created_at": {
					"day": 6,
					"month": 4,
					"year": 2020,
					"timestamp": 1.586152812555818e9
				},
				"start_date": { "day": 6, "month": 4, "year": 2020 },
				"end_date": { "day": 13, "month": 9, "year": 2023 },
				"supercedes": "pennpower_1579786410",
				"reference_id": "pennpower_3858d475-2a1b-487a-befc-3a6abc6de739"
			},
			{
				"rate": [{ "min": 0, "max": "-", "amount": 10.556 }],
				"source": "https://www.firstenergycorp.com/content/dam/customer/Customer%20Choice/Files/PA/PennPower/PPPTC.pdf",
				"created_at": {
					"day": 14,
					"month": 9,
					"year": 2023,
					"timestamp": 1.69467731064622e9
				},
				"start_date": { "day": 14, "month": 9, "year": 2023 },
				"end_date": { "day": 6, "month": 12, "year": 2023 },
				"supercedes": "pennpower_3858d475-2a1b-487a-befc-3a6abc6de739",
				"reference_id": "pennpower_f7893ecd-cede-4111-8615-e6c6d96dd9d8"
			},
			{
				"rate": [{ "min": 0, "max": "-", "amount": 11.231 }],
				"source": "https://www.firstenergycorp.com/content/dam/customer/Customer%20Choice/Files/PA/PennPower/PPPTC.pdf",
				"created_at": {
					"day": 7,
					"month": 12,
					"year": 2023,
					"timestamp": 1.701934894625033e9
				},
				"start_date": { "day": 7, "month": 12, "year": 2023 },
				"end_date": null,
				"supercedes": "pennpower_f7893ecd-cede-4111-8615-e6c6d96dd9d8",
				"reference_id": "pennpower_4e9d98c6-b2ae-4927-a36a-cb0dea297915"
			}
		],
		"last_updated_at": {
			"day": 7,
			"month": 12,
			"year": 2023,
			"timestamp": 1.701934894625059e9
		},
		"created_at": {
			"day": 23,
			"month": 1,
			"year": 2020,
			"timestamp": 1.579785447964e9
		}
	},
	{
		"_id": { "$oid": "5e4643a56adeea4bd25880f5" },
		"state": "pa",
		"name": "duquesne",
		"rate_type": "Generation+Transmission",
		"default_rate": [
			{
				"rate": [{ "min": 0, "max": null, "amount": 7.1 }],
				"source": "https://www.duquesnelight.com/service-reliability/service-map/rates/residential-rates",
				"created_at": {
					"day": 23,
					"month": 1,
					"year": 2020,
					"timestamp": 1.57978643264611e9
				},
				"start_date": { "day": 1, "month": 12, "year": 2019 },
				"end_date": { "day": 27, "month": 8, "year": 2020 },
				"supercedes": null,
				"reference_id": "duquesne_1579786432"
			},
			{
				"rate": [{ "min": 0, "max": null, "amount": 7.11 }],
				"source": "https://www.duquesnelight.com/service-reliability/service-map/rates/residential-rates",
				"created_at": {
					"day": 28,
					"month": 8,
					"year": 2020,
					"timestamp": 1.598591705466653e9
				},
				"start_date": { "day": 28, "month": 8, "year": 2020 },
				"end_date": { "day": 6, "month": 1, "year": 2021 },
				"supercedes": "duquesne_1579786432",
				"reference_id": "duquesne_353926bb-ca7a-4473-996a-fa82c0d98c73"
			},
			{
				"rate": [{ "min": 0, "max": null, "amount": 7.07 }],
				"source": "https://www.duquesnelight.com/service-reliability/service-map/rates/residential-rates",
				"created_at": {
					"day": 7,
					"month": 1,
					"year": 2021,
					"timestamp": 1.610002907288832e9
				},
				"start_date": { "day": 7, "month": 1, "year": 2021 },
				"end_date": { "day": 2, "month": 7, "year": 2021 },
				"supercedes": "duquesne_353926bb-ca7a-4473-996a-fa82c0d98c73",
				"reference_id": "duquesne_63fab52a-9190-4467-91e9-6d9c924c583a"
			},
			{
				"rate": [{ "min": 0, "max": null, "amount": 7.41 }],
				"source": "https://www.duquesnelight.com/service-reliability/service-map/rates/residential-rates",
				"created_at": {
					"day": 3,
					"month": 7,
					"year": 2021,
					"timestamp": 1.6252974934442e9
				},
				"start_date": { "day": 3, "month": 7, "year": 2021 },
				"end_date": { "day": 7, "month": 12, "year": 2021 },
				"supercedes": "duquesne_63fab52a-9190-4467-91e9-6d9c924c583a",
				"reference_id": "duquesne_a5a9ebad-716e-4ff9-a55d-b62d779ff001"
			},
			{
				"rate": [{ "min": 0, "max": "-", "amount": 7.41 }],
				"source": "https://www.duquesnelight.com/service-reliability/service-map/rates/residential-rates",
				"created_at": {
					"day": 8,
					"month": 12,
					"year": 2021,
					"timestamp": 1.638948696438071e9
				},
				"start_date": { "day": 8, "month": 12, "year": 2021 },
				"end_date": { "day": 3, "month": 1, "year": 2022 },
				"supercedes": "duquesne_a5a9ebad-716e-4ff9-a55d-b62d779ff001",
				"reference_id": "duquesne_ed53467c-ba58-4ffe-bd9a-a8e4149b6438"
			},
			{
				"rate": [{ "min": 0, "max": "-", "amount": 7.98 }],
				"source": "https://www.duquesnelight.com/service-reliability/service-map/rates/residential-rates",
				"created_at": {
					"day": 4,
					"month": 1,
					"year": 2022,
					"timestamp": 1.641281503057511e9
				},
				"start_date": { "day": 4, "month": 1, "year": 2022 },
				"end_date": { "day": 6, "month": 7, "year": 2022 },
				"supercedes": "duquesne_ed53467c-ba58-4ffe-bd9a-a8e4149b6438",
				"reference_id": "duquesne_ab4b8863-06be-4d64-a8a9-3b0b6bd2d081"
			},
			{
				"rate": [{ "min": 0, "max": "-", "amount": 9.36 }],
				"source": "https://www.duquesnelight.com/service-reliability/service-map/rates/residential-rates",
				"created_at": {
					"day": 7,
					"month": 7,
					"year": 2022,
					"timestamp": 1.657179093962105e9
				},
				"start_date": { "day": 7, "month": 7, "year": 2022 },
				"end_date": { "day": 13, "month": 9, "year": 2023 },
				"supercedes": "duquesne_ab4b8863-06be-4d64-a8a9-3b0b6bd2d081",
				"reference_id": "duquesne_e4ab6e2c-0173-4937-803e-7f192c28bad1"
			},
			{
				"rate": [{ "min": 0, "max": "-", "amount": 11.45 }],
				"source": "https://duquesnelight-prd.azurewebsites.net/service-reliability/service-map/rates/residential-rates",
				"created_at": {
					"day": 14,
					"month": 9,
					"year": 2023,
					"timestamp": 1.694677341555518e9
				},
				"start_date": { "day": 14, "month": 9, "year": 2023 },
				"end_date": { "day": 30, "month": 11, "year": 2023 },
				"supercedes": "duquesne_e4ab6e2c-0173-4937-803e-7f192c28bad1",
				"reference_id": "duquesne_930db72e-fbfd-4664-8748-8c6a0c19bfd5"
			},
			{
				"rate": [{ "min": 0, "max": "-", "amount": 10.46 }],
				"source": "https://duquesnelight-prd.azurewebsites.net/service-reliability/service-map/rates/residential-rates",
				"created_at": {
					"day": 1,
					"month": 12,
					"year": 2023,
					"timestamp": 1.701416500141196e9
				},
				"start_date": { "day": 1, "month": 12, "year": 2023 },
				"end_date": null,
				"supercedes": "duquesne_930db72e-fbfd-4664-8748-8c6a0c19bfd5",
				"reference_id": "duquesne_faef3ee3-24d2-4d66-a9bf-bcd37e243b2b"
			}
		],
		"last_updated_at": {
			"day": 1,
			"month": 12,
			"year": 2023,
			"timestamp": 1.701416500162402e9
		},
		"created_at": {
			"day": 23,
			"month": 1,
			"year": 2020,
			"timestamp": 1.57978643264615e9
		},
		"default_heat_rate": [
			{
				"rate": [{ "min": 0, "max": null, "amount": 7.1 }],
				"source": "https://www.duquesnelight.com/service-reliability/service-map/rates/residential-rates",
				"created_at": {
					"day": 23,
					"month": 1,
					"year": 2020,
					"timestamp": 1.57978643313862e9
				},
				"start_date": { "day": 1, "month": 12, "year": 2019 },
				"end_date": { "day": 27, "month": 8, "year": 2020 },
				"supercedes": null,
				"reference_id": "duquesne_1579786433"
			},
			{
				"rate": [{ "min": 0, "max": null, "amount": 7.11 }],
				"source": "https://www.duquesnelight.com/service-reliability/service-map/rates/residential-rates",
				"created_at": {
					"day": 28,
					"month": 8,
					"year": 2020,
					"timestamp": 1.598591705470062e9
				},
				"start_date": { "day": 28, "month": 8, "year": 2020 },
				"end_date": { "day": 6, "month": 1, "year": 2021 },
				"supercedes": "duquesne_1579786433",
				"reference_id": "duquesne_aaf38aa5-39dc-47f1-b35c-7a6236449ed9"
			},
			{
				"rate": [{ "min": 0, "max": null, "amount": 7.07 }],
				"source": "https://www.duquesnelight.com/service-reliability/service-map/rates/residential-rates",
				"created_at": {
					"day": 7,
					"month": 1,
					"year": 2021,
					"timestamp": 1.610002907292283e9
				},
				"start_date": { "day": 7, "month": 1, "year": 2021 },
				"end_date": { "day": 2, "month": 7, "year": 2021 },
				"supercedes": "duquesne_aaf38aa5-39dc-47f1-b35c-7a6236449ed9",
				"reference_id": "duquesne_81129bc7-ef0b-429c-a610-043768d8b2cf"
			},
			{
				"rate": [{ "min": 0, "max": null, "amount": 7.41 }],
				"source": "https://www.duquesnelight.com/service-reliability/service-map/rates/residential-rates",
				"created_at": {
					"day": 3,
					"month": 7,
					"year": 2021,
					"timestamp": 1.625297493447794e9
				},
				"start_date": { "day": 3, "month": 7, "year": 2021 },
				"end_date": { "day": 7, "month": 12, "year": 2021 },
				"supercedes": "duquesne_81129bc7-ef0b-429c-a610-043768d8b2cf",
				"reference_id": "duquesne_d5b223fb-72f4-4f84-b4bf-d5e004f67f16"
			},
			{
				"rate": [{ "min": 0, "max": "-", "amount": 7.41 }],
				"source": "https://www.duquesnelight.com/service-reliability/service-map/rates/residential-rates",
				"created_at": {
					"day": 8,
					"month": 12,
					"year": 2021,
					"timestamp": 1.638948696446883e9
				},
				"start_date": { "day": 8, "month": 12, "year": 2021 },
				"end_date": { "day": 3, "month": 1, "year": 2022 },
				"supercedes": "duquesne_d5b223fb-72f4-4f84-b4bf-d5e004f67f16",
				"reference_id": "duquesne_1e60c7a9-4326-4ba3-97e3-9711d7019582"
			},
			{
				"rate": [{ "min": 0, "max": "-", "amount": 7.98 }],
				"source": "https://www.duquesnelight.com/service-reliability/service-map/rates/residential-rates",
				"created_at": {
					"day": 4,
					"month": 1,
					"year": 2022,
					"timestamp": 1.641281503068146e9
				},
				"start_date": { "day": 4, "month": 1, "year": 2022 },
				"end_date": { "day": 6, "month": 7, "year": 2022 },
				"supercedes": "duquesne_1e60c7a9-4326-4ba3-97e3-9711d7019582",
				"reference_id": "duquesne_b1599ba4-7e29-4ae4-847a-7aff0e8d766f"
			},
			{
				"rate": [{ "min": 0, "max": "-", "amount": 9.36 }],
				"source": "https://www.duquesnelight.com/service-reliability/service-map/rates/residential-rates",
				"created_at": {
					"day": 7,
					"month": 7,
					"year": 2022,
					"timestamp": 1.657179093971614e9
				},
				"start_date": { "day": 7, "month": 7, "year": 2022 },
				"end_date": { "day": 13, "month": 9, "year": 2023 },
				"supercedes": "duquesne_b1599ba4-7e29-4ae4-847a-7aff0e8d766f",
				"reference_id": "duquesne_b230af69-ed52-430a-9e19-b4cda387c43c"
			},
			{
				"rate": [{ "min": 0, "max": "-", "amount": 10.4 }],
				"source": "https://duquesnelight-prd.azurewebsites.net/service-reliability/service-map/rates/residential-rates",
				"created_at": {
					"day": 14,
					"month": 9,
					"year": 2023,
					"timestamp": 1.694677341565077e9
				},
				"start_date": { "day": 14, "month": 9, "year": 2023 },
				"end_date": { "day": 30, "month": 11, "year": 2023 },
				"supercedes": "duquesne_b230af69-ed52-430a-9e19-b4cda387c43c",
				"reference_id": "duquesne_ac39fa2c-6be2-49f6-90ea-71fba703bb00"
			},
			{
				"rate": [{ "min": 0, "max": "-", "amount": 9.41 }],
				"source": "https://duquesnelight-prd.azurewebsites.net/service-reliability/service-map/rates/residential-rates",
				"created_at": {
					"day": 1,
					"month": 12,
					"year": 2023,
					"timestamp": 1.701416500154223e9
				},
				"start_date": { "day": 1, "month": 12, "year": 2023 },
				"end_date": null,
				"supercedes": "duquesne_ac39fa2c-6be2-49f6-90ea-71fba703bb00",
				"reference_id": "duquesne_db55cd55-54ee-455b-87eb-9e7a810b4f40"
			}
		],
		"default_heat_pump_rate": [
			{
				"rate": [{ "min": 0, "max": null, "amount": 7.1 }],
				"source": "https://www.duquesnelight.com/service-reliability/service-map/rates/residential-rates",
				"created_at": {
					"day": 23,
					"month": 1,
					"year": 2020,
					"timestamp": 1.57978643370953e9
				},
				"start_date": { "day": 1, "month": 12, "year": 2019 },
				"end_date": { "day": 27, "month": 8, "year": 2020 },
				"supercedes": null,
				"reference_id": "duquesne_1579786433"
			},
			{
				"rate": [{ "min": 0, "max": null, "amount": 7.11 }],
				"source": "https://www.duquesnelight.com/service-reliability/service-map/rates/residential-rates",
				"created_at": {
					"day": 28,
					"month": 8,
					"year": 2020,
					"timestamp": 1.598591705472861e9
				},
				"start_date": { "day": 28, "month": 8, "year": 2020 },
				"end_date": { "day": 6, "month": 1, "year": 2021 },
				"supercedes": "duquesne_1579786433",
				"reference_id": "duquesne_ba72ef8f-07fd-4923-8c49-a7426cedafc2"
			},
			{
				"rate": [{ "min": 0, "max": null, "amount": 7.07 }],
				"source": "https://www.duquesnelight.com/service-reliability/service-map/rates/residential-rates",
				"created_at": {
					"day": 7,
					"month": 1,
					"year": 2021,
					"timestamp": 1.610002907295925e9
				},
				"start_date": { "day": 7, "month": 1, "year": 2021 },
				"end_date": { "day": 2, "month": 7, "year": 2021 },
				"supercedes": "duquesne_ba72ef8f-07fd-4923-8c49-a7426cedafc2",
				"reference_id": "duquesne_d4a98c45-6050-4c27-b9fa-bea21479a93f"
			},
			{
				"rate": [{ "min": 0, "max": null, "amount": 7.41 }],
				"source": "https://www.duquesnelight.com/service-reliability/service-map/rates/residential-rates",
				"created_at": {
					"day": 3,
					"month": 7,
					"year": 2021,
					"timestamp": 1.625297493451324e9
				},
				"start_date": { "day": 3, "month": 7, "year": 2021 },
				"end_date": { "day": 7, "month": 12, "year": 2021 },
				"supercedes": "duquesne_d4a98c45-6050-4c27-b9fa-bea21479a93f",
				"reference_id": "duquesne_0d1d66f6-13d8-4bd2-a1ae-3e347be981a2"
			},
			{
				"rate": [{ "min": 0, "max": "-", "amount": 7.41 }],
				"source": "https://www.duquesnelight.com/service-reliability/service-map/rates/residential-rates",
				"created_at": {
					"day": 8,
					"month": 12,
					"year": 2021,
					"timestamp": 1.638948696455349e9
				},
				"start_date": { "day": 8, "month": 12, "year": 2021 },
				"end_date": { "day": 3, "month": 1, "year": 2022 },
				"supercedes": "duquesne_0d1d66f6-13d8-4bd2-a1ae-3e347be981a2",
				"reference_id": "duquesne_8a9bfe3c-5d13-40db-a080-054abd63391d"
			},
			{
				"rate": [{ "min": 0, "max": "-", "amount": 7.98 }],
				"source": "https://www.duquesnelight.com/service-reliability/service-map/rates/residential-rates",
				"created_at": {
					"day": 4,
					"month": 1,
					"year": 2022,
					"timestamp": 1.641281503076553e9
				},
				"start_date": { "day": 4, "month": 1, "year": 2022 },
				"end_date": { "day": 6, "month": 7, "year": 2022 },
				"supercedes": "duquesne_8a9bfe3c-5d13-40db-a080-054abd63391d",
				"reference_id": "duquesne_9ac45a20-313a-4302-8ce0-ab519c9a2cc6"
			},
			{
				"rate": [{ "min": 0, "max": "-", "amount": 9.36 }],
				"source": "https://www.duquesnelight.com/service-reliability/service-map/rates/residential-rates",
				"created_at": {
					"day": 7,
					"month": 7,
					"year": 2022,
					"timestamp": 1.657179094019689e9
				},
				"start_date": { "day": 7, "month": 7, "year": 2022 },
				"end_date": { "day": 13, "month": 9, "year": 2023 },
				"supercedes": "duquesne_9ac45a20-313a-4302-8ce0-ab519c9a2cc6",
				"reference_id": "duquesne_01aa990d-13bf-4209-a41b-1d3e4b0ce034"
			},
			{
				"rate": [{ "min": 0, "max": "-", "amount": 10.99 }],
				"source": "https://duquesnelight-prd.azurewebsites.net/service-reliability/service-map/rates/residential-rates",
				"created_at": {
					"day": 14,
					"month": 9,
					"year": 2023,
					"timestamp": 1.694677341573303e9
				},
				"start_date": { "day": 14, "month": 9, "year": 2023 },
				"end_date": { "day": 30, "month": 11, "year": 2023 },
				"supercedes": "duquesne_01aa990d-13bf-4209-a41b-1d3e4b0ce034",
				"reference_id": "duquesne_fd5f5b31-a33e-470f-9eca-98f35c93c157"
			},
			{
				"rate": [{ "min": 0, "max": "-", "amount": 10.0 }],
				"source": "https://duquesnelight-prd.azurewebsites.net/service-reliability/service-map/rates/residential-rates",
				"created_at": {
					"day": 1,
					"month": 12,
					"year": 2023,
					"timestamp": 1.701416500162375e9
				},
				"start_date": { "day": 1, "month": 12, "year": 2023 },
				"end_date": null,
				"supercedes": "duquesne_fd5f5b31-a33e-470f-9eca-98f35c93c157",
				"reference_id": "duquesne_fc2d275f-4b4e-4a57-8abc-69e254e29af4"
			}
		]
	},
	{
		"_id": { "$oid": "5e4643a46adeea4bd25880f4" },
		"state": "pa",
		"name": "peco-e",
		"rate_type": "Generation+Transmission",
		"default_rate": [
			{
				"rate": [{ "min": 0, "max": null, "amount": 7.467 }],
				"start_date": { "day": 1, "month": 12, "year": 2016 },
				"end_date": { "day": 28, "month": 2, "year": 2017 },
				"source": "https://firstenergycorp.com/customer_choice/pennsylvania/pennsylvania_tariffs.html",
				"supercedes": null,
				"reference_id": "peco_28022017",
				"created_at": {
					"day": 23,
					"month": 1,
					"year": 2020,
					"timestamp": 1.57978544882841e9
				}
			},
			{
				"rate": [{ "min": 0, "max": null, "amount": 7.158 }],
				"start_date": { "day": 1, "month": 3, "year": 2017 },
				"end_date": { "day": 31, "month": 5, "year": 2017 },
				"source": "https://firstenergycorp.com/customer_choice/pennsylvania/pennsylvania_tariffs.html",
				"supercedes": "peco_28022017",
				"reference_id": "peco_31052017",
				"created_at": {
					"day": 23,
					"month": 1,
					"year": 2020,
					"timestamp": 1.57978544882843e9
				}
			},
			{
				"rate": [{ "min": 0, "max": null, "amount": 7.107 }],
				"start_date": { "day": 1, "month": 6, "year": 2017 },
				"end_date": { "day": 31, "month": 8, "year": 2017 },
				"source": "https://firstenergycorp.com/customer_choice/pennsylvania/pennsylvania_tariffs.html",
				"supercedes": "peco_31052017",
				"reference_id": "peco_31082017",
				"created_at": {
					"day": 23,
					"month": 1,
					"year": 2020,
					"timestamp": 1.57978544882844e9
				}
			},
			{
				"rate": [{ "min": 0, "max": null, "amount": 7.131 }],
				"start_date": { "day": 1, "month": 9, "year": 2017 },
				"end_date": { "day": 30, "month": 11, "year": 2017 },
				"source": "https://firstenergycorp.com/customer_choice/pennsylvania/pennsylvania_tariffs.html",
				"supercedes": "peco_31082017",
				"reference_id": "peco_30112017",
				"created_at": {
					"day": 23,
					"month": 1,
					"year": 2020,
					"timestamp": 1.57978544882845e9
				}
			},
			{
				"rate": [{ "min": 0, "max": null, "amount": 7.216 }],
				"start_date": { "day": 1, "month": 12, "year": 2017 },
				"end_date": { "day": 28, "month": 2, "year": 2018 },
				"source": "https://firstenergycorp.com/customer_choice/pennsylvania/pennsylvania_tariffs.html",
				"supercedes": "peco_30112017",
				"reference_id": "peco_28022018",
				"created_at": {
					"day": 23,
					"month": 1,
					"year": 2020,
					"timestamp": 1.57978544882846e9
				}
			},
			{
				"rate": [{ "min": 0, "max": null, "amount": 7.099 }],
				"start_date": { "day": 1, "month": 3, "year": 2018 },
				"end_date": { "day": 31, "month": 5, "year": 2018 },
				"source": "https://firstenergycorp.com/customer_choice/pennsylvania/pennsylvania_tariffs.html",
				"supercedes": "peco_28022018",
				"reference_id": "peco_31052018",
				"created_at": {
					"day": 23,
					"month": 1,
					"year": 2020,
					"timestamp": 1.57978544882847e9
				}
			},
			{
				"rate": [{ "min": 0, "max": null, "amount": 7.151 }],
				"start_date": { "day": 1, "month": 6, "year": 2018 },
				"end_date": { "day": 31, "month": 8, "year": 2018 },
				"source": "https://firstenergycorp.com/customer_choice/pennsylvania/pennsylvania_tariffs.html",
				"supercedes": "peco_31052018",
				"reference_id": "peco_31082018",
				"created_at": {
					"day": 23,
					"month": 1,
					"year": 2020,
					"timestamp": 1.57978544882848e9
				}
			},
			{
				"rate": [{ "min": 0, "max": null, "amount": 6.807 }],
				"start_date": { "day": 1, "month": 9, "year": 2018 },
				"end_date": { "day": 30, "month": 11, "year": 2018 },
				"source": "https://firstenergycorp.com/customer_choice/pennsylvania/pennsylvania_tariffs.html",
				"supercedes": "peco_31082018",
				"reference_id": "peco_30112018",
				"created_at": {
					"day": 23,
					"month": 1,
					"year": 2020,
					"timestamp": 1.5797854488285e9
				}
			},
			{
				"rate": [{ "min": 0, "max": null, "amount": 6.836 }],
				"start_date": { "day": 1, "month": 12, "year": 2018 },
				"end_date": { "day": 28, "month": 2, "year": 2019 },
				"source": "https://firstenergycorp.com/customer_choice/pennsylvania/pennsylvania_tariffs.html",
				"supercedes": "peco_30112018",
				"reference_id": "peco_28022019",
				"created_at": {
					"day": 23,
					"month": 1,
					"year": 2020,
					"timestamp": 1.57978544882851e9
				}
			},
			{
				"rate": [{ "min": 0, "max": null, "amount": 7.106 }],
				"start_date": { "day": 1, "month": 3, "year": 2019 },
				"end_date": { "day": 31, "month": 5, "year": 2019 },
				"source": "https://firstenergycorp.com/customer_choice/pennsylvania/pennsylvania_tariffs.html",
				"supercedes": "peco_28022019",
				"reference_id": "peco_31052019",
				"created_at": {
					"day": 23,
					"month": 1,
					"year": 2020,
					"timestamp": 1.57978544882852e9
				}
			},
			{
				"rate": [{ "min": 0, "max": null, "amount": 6.781 }],
				"start_date": { "day": 1, "month": 6, "year": 2019 },
				"end_date": { "day": 31, "month": 8, "year": 2019 },
				"source": "https://firstenergycorp.com/customer_choice/pennsylvania/pennsylvania_tariffs.html",
				"supercedes": "peco_31052019",
				"reference_id": "peco_31082019",
				"created_at": {
					"day": 23,
					"month": 1,
					"year": 2020,
					"timestamp": 1.57978544882853e9
				}
			},
			{
				"rate": [{ "min": 0, "max": null, "amount": 6.832 }],
				"start_date": { "day": 1, "month": 9, "year": 2019 },
				"end_date": { "day": 30, "month": 11, "year": 2019 },
				"source": "https://firstenergycorp.com/customer_choice/pennsylvania/pennsylvania_tariffs.html",
				"supercedes": "peco_31082019",
				"reference_id": "peco_30112019",
				"created_at": {
					"day": 23,
					"month": 1,
					"year": 2020,
					"timestamp": 1.57978544882854e9
				}
			},
			{
				"rate": [{ "min": 0, "max": null, "amount": 6.737 }],
				"source": "https://www.peco.com/MyAccount/MyService/Pages/ElectricPricetoCompare.aspx",
				"created_at": {
					"day": 23,
					"month": 1,
					"year": 2020,
					"timestamp": 1.5797864261332e9
				},
				"start_date": { "day": 1, "month": 12, "year": 2019 },
				"end_date": { "day": 5, "month": 3, "year": 2020 },
				"supercedes": "peco_30112019",
				"reference_id": "peco-e_1579786426"
			},
			{
				"rate": [{ "min": 0, "max": null, "amount": 6.595 }],
				"source": "https://www.peco.com/MyAccount/MyService/Pages/ElectricPricetoCompare.aspx",
				"created_at": {
					"day": 6,
					"month": 3,
					"year": 2020,
					"timestamp": 1.58347441486745e9
				},
				"start_date": { "day": 6, "month": 3, "year": 2020 },
				"end_date": { "day": 31, "month": 5, "year": 2020 },
				"supercedes": "peco-e_1579786426",
				"reference_id": "peco-e_0cb146e1-06a8-473a-8735-796920857623"
			},
			{
				"rate": [{ "min": 0, "max": null, "amount": 6.405 }],
				"source": "https://www.peco.com/MyAccount/MyService/Pages/ElectricPricetoCompare.aspx",
				"created_at": {
					"day": 1,
					"month": 6,
					"year": 2020,
					"timestamp": 1.59099120569234e9
				},
				"start_date": { "day": 1, "month": 6, "year": 2020 },
				"end_date": { "day": 31, "month": 5, "year": 2020 },
				"supercedes": "peco-e_0cb146e1-06a8-473a-8735-796920857623",
				"reference_id": "peco-e_5224fd34-9d0f-49e9-8fba-4a239a6f51b6"
			},
			{
				"rate": [{ "min": 0, "max": null, "amount": 6.595 }],
				"source": "https://www.peco.com/MyAccount/MyService/Pages/ElectricPricetoCompare.aspx",
				"created_at": {
					"day": 1,
					"month": 6,
					"year": 2020,
					"timestamp": 1.59099120570201e9
				},
				"start_date": { "day": 1, "month": 6, "year": 2020 },
				"end_date": { "day": 1, "month": 6, "year": 2020 },
				"supercedes": "peco-e_5224fd34-9d0f-49e9-8fba-4a239a6f51b6",
				"reference_id": "peco-e_fdad102d-da20-4390-abe9-e2f6946c09aa"
			},
			{
				"rate": [{ "min": 0, "max": null, "amount": 6.405 }],
				"source": "https://www.peco.com/MyAccount/MyService/Pages/ElectricPricetoCompare.aspx",
				"created_at": {
					"day": 2,
					"month": 6,
					"year": 2020,
					"timestamp": 1.59107760720589e9
				},
				"start_date": { "day": 2, "month": 6, "year": 2020 },
				"end_date": { "day": 1, "month": 6, "year": 2020 },
				"supercedes": "peco-e_fdad102d-da20-4390-abe9-e2f6946c09aa",
				"reference_id": "peco-e_6f3e6324-ed49-41d3-9922-80f067fc5a06"
			},
			{
				"rate": [{ "min": 0, "max": null, "amount": 6.595 }],
				"source": "https://www.peco.com/MyAccount/MyService/Pages/ElectricPricetoCompare.aspx",
				"created_at": {
					"day": 2,
					"month": 6,
					"year": 2020,
					"timestamp": 1.59107760721497e9
				},
				"start_date": { "day": 2, "month": 6, "year": 2020 },
				"end_date": { "day": 1, "month": 6, "year": 2020 },
				"supercedes": "peco-e_6f3e6324-ed49-41d3-9922-80f067fc5a06",
				"reference_id": "peco-e_d6f0cfe1-a0be-4b51-b59d-05ee5c614d60"
			},
			{
				"rate": [{ "min": 0, "max": null, "amount": 6.405 }],
				"source": "https://www.peco.com/MyAccount/MyService/Pages/ElectricPricetoCompare.aspx",
				"created_at": {
					"day": 2,
					"month": 6,
					"year": 2020,
					"timestamp": 1.59108503386488e9
				},
				"start_date": { "day": 2, "month": 6, "year": 2020 },
				"end_date": { "day": 1, "month": 6, "year": 2020 },
				"supercedes": "peco-e_d6f0cfe1-a0be-4b51-b59d-05ee5c614d60",
				"reference_id": "peco-e_b3ca1577-cb42-4d6b-9a1f-f2df012f3d49"
			},
			{
				"rate": [{ "min": 0, "max": null, "amount": 6.595 }],
				"source": "https://www.peco.com/MyAccount/MyService/Pages/ElectricPricetoCompare.aspx",
				"created_at": {
					"day": 2,
					"month": 6,
					"year": 2020,
					"timestamp": 1.59108503386875e9
				},
				"start_date": { "day": 2, "month": 6, "year": 2020 },
				"end_date": { "day": 2, "month": 6, "year": 2020 },
				"supercedes": "peco-e_b3ca1577-cb42-4d6b-9a1f-f2df012f3d49",
				"reference_id": "peco-e_6b8f23c3-1236-42f6-b364-08eebe74f151"
			},
			{
				"rate": [{ "min": 0, "max": null, "amount": 6.405 }],
				"source": "https://www.peco.com/MyAccount/MyService/Pages/ElectricPricetoCompare.aspx",
				"created_at": {
					"day": 3,
					"month": 6,
					"year": 2020,
					"timestamp": 1.59116400961641e9
				},
				"start_date": { "day": 3, "month": 6, "year": 2020 },
				"end_date": { "day": 2, "month": 6, "year": 2020 },
				"supercedes": "peco-e_6b8f23c3-1236-42f6-b364-08eebe74f151",
				"reference_id": "peco-e_00b94dd7-4fa8-4775-bf89-00f67de052f9"
			},
			{
				"rate": [{ "min": 0, "max": null, "amount": 6.595 }],
				"source": "https://www.peco.com/MyAccount/MyService/Pages/ElectricPricetoCompare.aspx",
				"created_at": {
					"day": 3,
					"month": 6,
					"year": 2020,
					"timestamp": 1.59116400964219e9
				},
				"start_date": { "day": 3, "month": 6, "year": 2020 },
				"end_date": { "day": 5, "month": 6, "year": 2020 },
				"supercedes": "peco-e_00b94dd7-4fa8-4775-bf89-00f67de052f9",
				"reference_id": "peco-e_beba1e68-a626-4875-af59-4aee17722770"
			},
			{
				"rate": [{ "min": 0, "max": null, "amount": 6.405 }],
				"source": "https://www.peco.com/MyAccount/MyService/Pages/ElectricPricetoCompare.aspx",
				"created_at": {
					"day": 6,
					"month": 6,
					"year": 2020,
					"timestamp": 1.59142334121021e9
				},
				"start_date": { "day": 6, "month": 6, "year": 2020 },
				"end_date": { "day": 31, "month": 8, "year": 2020 },
				"supercedes": "peco-e_beba1e68-a626-4875-af59-4aee17722770",
				"reference_id": "peco-e_f002cba7-f192-4f2d-af35-a311d90c82f7"
			},
			{
				"rate": [{ "min": 0, "max": null, "amount": 6.369 }],
				"source": "https://www.peco.com/MyAccount/MyService/Pages/ElectricPricetoCompare.aspx",
				"created_at": {
					"day": 1,
					"month": 9,
					"year": 2020,
					"timestamp": 1.59893747637543e9
				},
				"start_date": { "day": 1, "month": 9, "year": 2020 },
				"end_date": { "day": 31, "month": 8, "year": 2020 },
				"supercedes": "peco-e_f002cba7-f192-4f2d-af35-a311d90c82f7",
				"reference_id": "peco-e_4d94cc8f-ca19-4a7c-8a1c-5a8bbe3f644e"
			},
			{
				"rate": [{ "min": 0, "max": null, "amount": 6.405 }],
				"source": "https://www.peco.com/MyAccount/MyService/Pages/ElectricPricetoCompare.aspx",
				"created_at": {
					"day": 1,
					"month": 9,
					"year": 2020,
					"timestamp": 1.59893747637952e9
				},
				"start_date": { "day": 1, "month": 9, "year": 2020 },
				"end_date": { "day": 1, "month": 9, "year": 2020 },
				"supercedes": "peco-e_4d94cc8f-ca19-4a7c-8a1c-5a8bbe3f644e",
				"reference_id": "peco-e_12989ca4-dabc-4e38-b817-63f5ea1cb36e"
			},
			{
				"rate": [{ "min": 0, "max": null, "amount": 6.369 }],
				"source": "https://www.peco.com/MyAccount/MyService/Pages/ElectricPricetoCompare.aspx",
				"created_at": {
					"day": 2,
					"month": 9,
					"year": 2020,
					"timestamp": 1.59902383896786e9
				},
				"start_date": { "day": 2, "month": 9, "year": 2020 },
				"end_date": { "day": 1, "month": 9, "year": 2020 },
				"supercedes": "peco-e_12989ca4-dabc-4e38-b817-63f5ea1cb36e",
				"reference_id": "peco-e_d342fd80-da86-49cc-a4f7-bfd56bdf31cd"
			},
			{
				"rate": [{ "min": 0, "max": null, "amount": 6.405 }],
				"source": "https://www.peco.com/MyAccount/MyService/Pages/ElectricPricetoCompare.aspx",
				"created_at": {
					"day": 2,
					"month": 9,
					"year": 2020,
					"timestamp": 1.59902383897205e9
				},
				"start_date": { "day": 2, "month": 9, "year": 2020 },
				"end_date": { "day": 2, "month": 9, "year": 2020 },
				"supercedes": "peco-e_d342fd80-da86-49cc-a4f7-bfd56bdf31cd",
				"reference_id": "peco-e_0a4c0246-f2d8-4bb3-a273-1aa986549ec1"
			},
			{
				"rate": [{ "min": 0, "max": null, "amount": 6.369 }],
				"source": "https://www.peco.com/MyAccount/MyService/Pages/ElectricPricetoCompare.aspx",
				"created_at": {
					"day": 3,
					"month": 9,
					"year": 2020,
					"timestamp": 1.5991101040602e9
				},
				"start_date": { "day": 3, "month": 9, "year": 2020 },
				"end_date": { "day": 13, "month": 9, "year": 2023 },
				"supercedes": "peco-e_0a4c0246-f2d8-4bb3-a273-1aa986549ec1",
				"reference_id": "peco-e_ff30d908-8673-4c3a-8e12-3f26e1d85bff"
			},
			{
				"rate": [{ "min": 0, "max": "-", "amount": 8.917 }],
				"source": "https://www.peco.com/MyAccount/MyService/Pages/ElectricPricetoCompare.aspx",
				"created_at": {
					"day": 14,
					"month": 9,
					"year": 2023,
					"timestamp": 1.69467734117555e9
				},
				"start_date": { "day": 14, "month": 9, "year": 2023 },
				"end_date": { "day": 19, "month": 3, "year": 2024 },
				"supercedes": "peco-e_ff30d908-8673-4c3a-8e12-3f26e1d85bff",
				"reference_id": "peco-e_98f3242c-585a-45d4-8e1a-626888ebd45a"
			},
			{
				"rate": [{ "min": 0, "max": "-", "amount": 9.425 }],
				"source": "https://www.peco.com/MyAccount/MyService/Pages/ElectricPricetoCompare.aspx",
				"created_at": {
					"day": 20,
					"month": 3,
					"year": 2024,
					"timestamp": 1.710920596446969e9
				},
				"start_date": { "day": 20, "month": 3, "year": 2024 },
				"end_date": null,
				"supercedes": "peco-e_98f3242c-585a-45d4-8e1a-626888ebd45a",
				"reference_id": "peco-e_76fdd4b8-c210-4d1d-a33e-ff4468802fab"
			}
		],
		"last_updated_at": {
			"day": 20,
			"month": 3,
			"year": 2024,
			"timestamp": 1.710920596447006e9
		},
		"created_at": {
			"day": 23,
			"month": 1,
			"year": 2020,
			"timestamp": 1.57978544882855e9
		}
	}
]
